weightPerServing,veryHealthy,calories,Fat/g,Carbohydrates/g,Cholesterol/mg,Sodium/mg,Protein/g
226,FALSE,384.09,10.53,32.53,145.28,955.48,36.92
33,FALSE,57.07,2.28,3.79,12.76,59.43,5.13
364,TRUE,942.08,72.72,64.61,1.92,296.97,16.51
711,TRUE,1697.23,122.21,24.3,436.23,583.67,127.61
36,FALSE,112.75,5.05,13.95,10.75,276.25,3.13
83,FALSE,356.02,31.47,9.64,60.33,48.39,8.87
101,FALSE,142.07,9.24,10.67,7.2,89.34,4.44
244,FALSE,221.39,11.29,2.96,68.04,1904.29,23.79
203,TRUE,265.68,18.35,6.19,50.0,287.85,18.06
144,FALSE,581.03,16.3,88.56,8.67,107.69,20.51
88,FALSE,32.19,0.44,5.28,2.4,7.54,1.63
941,TRUE,1093.72,33.47,161.94,26.22,1319.18,37.92
211,FALSE,946.35,94.01,22.69,248.83,487.31,6.78
507,TRUE,479.22,23.3,10.23,142.94,353.64,55.94
244,FALSE,234.07,9.57,8.78,2.55,138.15,1.78
808,FALSE,673.11,19.12,111.8,16.53,1398.69,23.06
193,FALSE,487.36,52.31,5.41,18.23,1103.6,2.26
2648,TRUE,1737.43,61.63,100.41,2.91,1640.68,196.71
286,FALSE,453.01,16.45,66.33,4.8,1491.51,10.76
497,TRUE,242.49,15.35,22.91,2.92,314.57,5.85
140,FALSE,379.83,27.3,16.44,113.12,477.11,16.92
15,FALSE,59.43,5.88,1.46,15.55,212.16,0.45
478,TRUE,592.97,23.67,5.36,236.48,542.83,84.91
308,FALSE,260.24,5.29,45.64,2.47,224.62,9.15
585,TRUE,523.45,38.23,28.22,12.0,344.2,11.02
173,FALSE,273.77,19.63,20.22,2.0,172.16,6.95
233,FALSE,576.43,40.39,40.47,22.33,403.53,13.93
224,FALSE,425.57,14.88,59.35,1.08,817.52,12.25
449,FALSE,738.23,67.23,12.26,76.35,983.62,23.52
50,FALSE,210.25,22.29,2.01,14.98,43.01,1.93
59,FALSE,197.04,21.24,2.34,0.6,702.2,0.81
147,FALSE,113.29,8.95,5.48,3.4,471.72,3.85
476,TRUE,516.46,30.87,50.68,6.4,585.73,14.8
121,FALSE,334.26,24.23,25.78,52.53,148.2,4.39
21,FALSE,36.07,3.58,0.86,0.6,214.03,0.37
143,FALSE,407.33,24.11,32.57,22.8,1091.22,16.89
416,FALSE,626.35,48.02,9.03,998.64,1158.47,37.46
225,FALSE,702.78,53.03,32.66,129.75,1767.2,26.36
78,FALSE,144.9,7.14,14.73,75.08,252.86,5.71
151,TRUE,245.15,21.99,10.71,2.4,285.57,3.93
195,FALSE,407.35,15.53,45.51,144.68,652.96,21.23
276,FALSE,556.71,24.36,67.1,48.25,460.29,18.93
274,FALSE,309.83,27.98,13.58,3.6,265.49,5.7
210,TRUE,129.76,7.79,12.21,2.4,12.37,2.83
91,FALSE,102.57,8.71,3.48,7.2,16.14,3.11
34,FALSE,71.22,5.69,0.87,110.75,64.86,3.88
43,FALSE,151.25,15.39,1.03,46.63,20.6,1.85
597,FALSE,281.65,12.69,25.46,100.05,637.78,12.39
216,FALSE,164.55,14.02,7.3,7.2,218.61,4.12
61,FALSE,151.58,14.3,4.41,2.4,344.23,1.15
248,FALSE,257.5,18.85,20.22,4.8,44.0,4.07
277,FALSE,194.44,15.06,11.51,8.73,225.84,5.26
280,FALSE,413.48,10.54,23.53,123.87,299.59,44.92
111,FALSE,112.71,9.47,6.09,0.0,198.56,1.02
263,FALSE,560.27,19.16,71.74,31.74,618.73,24.65
261,TRUE,243.23,19.04,16.01,0.36,276.22,7.03
268,FALSE,731.78,72.94,19.94,4.8,2593.18,3.8
237,TRUE,102.95,5.64,12.13,0.85,256.75,3.17
486,TRUE,597.94,51.89,32.14,2.76,636.54,11.37
191,FALSE,267.55,14.77,2.61,340.81,1416.51,28.39
373,TRUE,608.31,12.75,103.82,8.67,781.15,22.18
196,FALSE,284.01,9.39,37.33,123.47,634.44,12.07
38,FALSE,49.25,4.49,1.19,6.92,92.41,1.16
114,FALSE,368.35,7.7,59.67,6.85,466.25,13.96
445,FALSE,475.56,43.81,15.01,9.99,702.78,9.79
459,FALSE,1075.04,55.14,81.95,139.41,2332.48,60.95
242,FALSE,319.55,16.9,34.3,55.13,390.04,9.07
108,FALSE,533.4,57.04,2.96,110.14,105.03,4.36
23,FALSE,132.3,14.26,0.4,3.0,200.75,1.13
90,FALSE,503.16,54.75,2.48,4.8,156.91,2.31
195,FALSE,758.72,38.31,87.35,3.6,628.08,16.88
113,FALSE,247.05,23.99,4.91,59.73,247.85,3.97
135,FALSE,100.8,6.44,9.68,2.76,35.15,2.71
131,FALSE,256.86,7.56,34.02,187.7,452.72,12.56
197,FALSE,237.71,18.75,17.89,31.68,513.6,5.29
171,FALSE,200.36,18.03,9.38,0.0,323.59,2.43
796,TRUE,1296.94,65.32,151.94,7.2,1292.57,30.41
379,TRUE,611.24,49.2,36.99,6.8,444.4,15.67
671,FALSE,505.6,11.62,43.4,31.4,1524.96,55.38
886,TRUE,1141.35,71.46,17.59,303.77,1024.51,106.13
293,FALSE,650.02,21.79,88.97,18.3,673.73,24.54
445,FALSE,662.45,12.74,95.79,285.76,2330.55,40.72
218,FALSE,373.14,10.63,52.07,23.67,936.37,18.84
223,FALSE,419.01,13.68,58.52,74.84,240.91,16.18
280,FALSE,703.18,29.57,92.52,166.73,695.48,24.59
251,FALSE,288.05,17.05,3.75,95.7,734.41,31.34
1227,TRUE,709.13,33.04,35.06,156.48,1604.97,72.1
289,FALSE,923.37,43.35,102.6,32.6,2009.32,30.26
278,FALSE,733.07,49.48,61.64,8.8,463.2,12.33
84,FALSE,143.47,5.59,16.28,14.02,380.13,7.66
200,FALSE,263.87,15.02,21.63,17.57,469.35,11.52
368,FALSE,710.71,36.64,58.63,90.23,985.57,35.36
290,FALSE,864.85,69.75,38.54,235.7,929.27,23.26
214,FALSE,418.48,28.95,1.0,115.81,804.18,38.49
382,TRUE,620.49,14.76,104.9,1.8,454.59,19.54
625,TRUE,542.14,28.72,60.4,8.4,338.68,15.79
11,FALSE,30.49,3.04,0.83,0.2,108.05,0.16
375,FALSE,522.5,16.82,79.57,10.2,916.13,18.62
95,FALSE,171.25,17.77,2.32,1.8,214.96,1.4
129,FALSE,86.05,4.58,9.31,2.0,202.88,2.52
924,TRUE,1045.33,39.41,133.55,209.65,2007.21,46.03
381,FALSE,709.25,49.49,22.29,163.89,1576.47,42.84
225,FALSE,342.52,28.52,18.03,3.75,252.17,6.21
1056,TRUE,810.28,61.37,55.94,5.67,693.98,17.99
302,FALSE,371.77,17.36,39.22,81.44,234.27,15.87
51,FALSE,240.99,20.88,9.24,13.39,582.79,6.23
131,FALSE,201.08,12.22,2.08,72.28,358.46,20.25
733,TRUE,626.69,45.22,47.41,4.8,526.01,16.47
130,FALSE,566.09,58.14,4.09,24.0,523.64,9.17
441,FALSE,396.12,29.1,17.06,41.52,1479.98,23.63
238,FALSE,567.89,27.74,64.37,10.37,452.71,16.81
192,TRUE,513.04,20.54,66.88,5.67,116.11,15.73
1353,TRUE,6996.15,463.07,600.33,45.8,5263.38,113.23
272,FALSE,448.48,20.19,10.63,131.44,193.65,44.8
475,TRUE,515.72,28.53,9.35,157.62,1032.29,55.05
97,FALSE,66.64,4.27,5.67,1.8,231.18,2.59
157,FALSE,74.9,1.37,13.68,1.54,298.53,3.62
338,FALSE,374.91,21.71,41.38,0.0,94.35,5.72
450,FALSE,754.54,31.16,94.38,80.26,912.25,27.06
296,FALSE,697.97,51.73,38.38,27.05,1155.45,21.73
454,FALSE,760.19,65.78,26.98,254.87,791.67,22.5
57,FALSE,61.8,4.69,3.48,12.03,310.88,1.9
1784,TRUE,4352.03,92.56,714.75,56.69,9485.28,162.02
266,FALSE,604.49,53.32,7.68,132.73,849.18,25.71
92,FALSE,378.18,14.99,50.93,0.0,304.24,9.44
223,FALSE,235.73,12.31,3.44,84.86,460.13,27.68
334,FALSE,485.85,35.38,21.49,201.01,844.98,22.44
14,FALSE,27.0,1.09,3.71,0.0,126.0,0.7
53,FALSE,107.84,10.84,2.75,0.14,609.4,1.26
1120,TRUE,1890.97,130.02,29.11,517.03,1521.22,136.47
293,FALSE,432.94,40.61,19.58,2.4,2657.52,5.65
105,FALSE,162.18,15.94,3.51,0.0,21.6,0.92
307,TRUE,459.39,22.25,1.32,186.49,959.53,60.22
332,TRUE,376.65,12.99,42.02,31.82,869.29,25.13
181,FALSE,527.02,48.36,21.02,56.61,385.98,4.79
273,FALSE,777.59,66.2,0.54,211.42,427.29,46.5
219,FALSE,311.12,21.05,25.24,15.32,376.49,6.86
129,FALSE,489.01,17.82,65.71,100.73,221.2,15.7
871,TRUE,796.29,22.09,112.94,61.78,492.52,38.78
56,FALSE,203.46,21.46,1.62,22.33,357.97,1.33
661,TRUE,560.9,14.73,97.91,1.62,244.09,12.92
256,FALSE,520.76,22.57,53.31,48.19,2596.11,27.97
295,TRUE,608.88,11.11,103.2,14.53,349.04,23.83
120,FALSE,238.64,6.98,31.45,27.66,108.66,12.58
289,TRUE,755.23,34.81,92.03,6.0,814.15,20.39
484,FALSE,423.83,33.58,22.06,53.4,1504.86,12.26
80,FALSE,347.72,15.05,43.33,7.55,10.44,10.97
778,TRUE,2579.77,231.99,11.33,492.28,4927.95,109.53
483,TRUE,423.67,33.1,24.69,104.3,278.72,10.85
180,TRUE,360.18,25.13,0.86,144.91,80.47,31.11
804,FALSE,772.28,44.02,12.42,228.82,731.03,78.83
325,TRUE,403.81,15.08,54.98,4.0,1201.75,13.25
110,FALSE,251.54,14.71,26.05,20.39,208.19,4.3
114,TRUE,48.32,2.13,5.77,0.58,39.69,2.13
153,FALSE,176.52,14.38,10.67,2.4,302.51,2.36
321,FALSE,549.92,25.52,57.09,35.49,1660.22,23.58
308,FALSE,156.29,8.36,18.03,1.2,381.03,4.95
183,TRUE,160.41,8.48,18.56,1.27,241.81,4.36
80,FALSE,95.32,6.55,5.56,4.82,206.97,5.6
150,FALSE,166.91,3.72,15.74,30.01,1697.47,18.11
260,FALSE,79.61,1.08,21.54,4.8,210.23,4.38
317,TRUE,530.69,26.11,43.2,57.7,425.73,30.98
73,FALSE,382.0,42.24,2.15,1.2,321.35,0.79
271,TRUE,503.18,14.67,75.51,8.07,548.28,19.32
277,FALSE,530.91,19.08,76.19,11.78,1496.63,14.14
457,TRUE,431.78,15.82,17.44,154.95,403.46,53.2
6953,TRUE,9869.93,456.15,813.78,2068.4,8501.27,578.32
210,FALSE,318.69,24.45,21.66,20.72,214.83,8.17
1757,FALSE,2297.57,135.35,216.64,3.6,2923.7,65.31
499,FALSE,325.85,23.67,22.75,65.0,245.19,13.85
154,FALSE,440.07,40.29,14.6,15.47,521.77,7.85
77,FALSE,219.54,20.96,4.2,15.17,100.09,4.03
13,FALSE,39.72,3.96,0.84,10.77,5.89,0.4
748,TRUE,1737.53,21.84,323.72,7.2,66.93,59.87
102,FALSE,119.27,5.53,14.34,3.84,447.46,3.42
113,FALSE,503.24,54.61,4.03,0.6,329.0,1.87
330,FALSE,482.61,22.66,48.9,40.2,1424.89,21.43
256,TRUE,404.24,14.33,58.42,1.27,273.53,12.53
156,FALSE,287.02,22.37,8.91,27.52,1148.07,11.19
210,FALSE,201.07,14.12,16.96,13.96,521.18,3.59
675,FALSE,631.37,16.87,107.88,49.2,750.07,16.28
514,FALSE,446.03,24.08,29.66,246.32,1818.54,31.15
196,FALSE,454.87,20.12,43.85,108.57,828.29,24.48
206,FALSE,369.84,31.99,4.82,421.85,497.01,15.44
90,FALSE,162.56,14.2,3.37,15.59,819.83,6.68
433,FALSE,388.7,19.94,27.42,222.11,1484.28,22.76
152,FALSE,224.8,14.31,19.28,20.07,180.63,5.57
132,FALSE,172.79,12.2,6.36,214.42,394.66,9.4
704,TRUE,663.02,39.53,37.51,92.92,897.27,43.2
92,FALSE,135.41,10.28,4.25,10.28,904.3,7.95
271,FALSE,1126.02,100.79,37.69,108.39,2300.46,23.84
247,TRUE,132.12,8.04,11.31,0.12,253.32,5.92
23,FALSE,24.61,1.5,1.0,2.29,351.17,0.71
145,FALSE,190.88,18.37,5.3,2.4,230.22,3.5
132,FALSE,265.28,24.37,6.6,16.74,486.68,5.56
69,FALSE,282.07,25.2,9.56,27.1,575.19,5.97
209,FALSE,696.02,20.45,106.89,0.0,726.86,19.92
188,FALSE,263.85,18.43,20.65,3.01,258.38,5.66
1370,TRUE,2835.41,110.21,350.92,238.14,1658.09,113.86
202,FALSE,608.62,65.7,7.2,4.0,2099.42,2.98
127,FALSE,101.01,7.04,9.03,1.6,440.3,2.56
424,TRUE,896.58,29.25,116.57,63.5,2051.43,43.12
272,FALSE,194.19,10.49,21.83,0.85,379.57,6.83
436,FALSE,477.94,33.58,26.22,186.29,637.86,19.35
152,TRUE,98.24,7.69,4.8,47.83,142.93,3.63
1091,FALSE,490.19,24.12,64.43,62.6,568.26,14.4
220,FALSE,196.25,3.58,3.02,87.0,2114.22,38.22
167,FALSE,337.08,30.18,15.23,26.18,210.5,4.36
389,FALSE,74.45,0.89,16.51,0.6,807.29,3.52
82,FALSE,49.88,2.75,4.81,1.52,229.48,1.55
78,FALSE,155.56,12.5,2.59,15.96,346.96,8.69
32,FALSE,60.34,4.8,1.37,10.71,172.48,2.74
172,FALSE,440.59,43.3,6.25,8.87,1593.72,4.43
4,FALSE,9.37,0.61,0.39,1.38,207.52,0.6
506,FALSE,758.48,45.42,62.51,92.81,1067.64,24.59
620,TRUE,223.56,13.24,21.75,15.8,319.39,10.93
167,FALSE,501.2,43.63,3.03,133.31,446.05,23.57
214,FALSE,397.34,30.39,18.28,22.1,2189.53,15.22
558,TRUE,263.28,16.52,27.63,6.58,359.55,7.35
148,TRUE,590.1,18.55,88.47,1.27,365.82,17.93
56,FALSE,132.01,10.48,4.85,99.96,302.86,4.62
105,FALSE,189.7,12.9,1.94,48.45,2837.68,16.98
531,FALSE,741.6,67.24,16.77,112.83,951.13,23.08
236,TRUE,712.04,21.3,97.39,4.0,571.4,36.33
418,FALSE,591.76,34.0,56.76,22.74,506.85,15.22
83,FALSE,215.55,18.95,3.94,52.56,355.71,8.96
545,FALSE,725.21,34.56,21.79,225.29,910.57,78.84
230,FALSE,368.07,5.8,67.19,2.4,627.68,13.13
614,TRUE,1157.19,26.37,180.91,20.4,802.98,51.25
79,FALSE,189.09,16.0,1.28,115.81,594.79,9.81
143,FALSE,467.83,34.82,33.94,10.03,291.01,6.2
1204,TRUE,1235.02,48.75,142.94,37.28,1699.48,68.07
452,FALSE,423.96,34.11,20.48,27.54,1009.19,11.79
33,FALSE,60.41,3.72,4.39,3.4,321.7,2.62
206,FALSE,422.95,34.02,7.57,76.75,1038.17,23.15
175,FALSE,301.1,17.63,1.67,124.07,519.22,32.52
231,FALSE,362.81,18.7,19.62,91.65,681.55,28.78
165,FALSE,78.83,0.92,14.72,0.8,765.06,3.47
59,FALSE,276.85,29.17,1.22,20.21,675.3,2.54
462,TRUE,673.8,13.19,118.03,3.2,943.69,24.6
582,FALSE,485.03,34.56,28.64,32.62,2010.09,17.52
485,FALSE,377.57,22.45,33.36,190.1,550.31,14.3
305,FALSE,669.97,44.3,38.38,108.43,1186.58,30.92
172,FALSE,772.07,41.01,88.48,39.48,1198.6,12.97
53,FALSE,172.98,8.89,19.57,0.8,294.89,4.05
572,FALSE,708.54,48.25,22.6,238.55,1083.64,44.51
334,TRUE,671.29,27.53,89.44,3.2,1394.34,18.37
837,TRUE,3229.91,96.35,490.41,606.86,1419.9,99.02
241,FALSE,735.64,33.11,89.34,18.19,337.14,19.75
335,TRUE,817.34,66.24,20.21,410.6,1506.5,43.92
187,FALSE,676.27,21.59,101.54,0.0,1107.83,18.46
2831,FALSE,8069.09,217.39,1316.19,233.1,15689.03,247.2
126,FALSE,137.3,8.6,10.82,10.77,411.62,4.25
253,FALSE,653.94,53.28,23.24,94.81,719.35,24.68
92,FALSE,653.08,72.42,1.51,4.8,591.72,1.85
143,FALSE,594.49,19.81,86.91,3.6,46.83,16.52
25,FALSE,65.19,3.98,5.78,0.74,196.77,1.3
398,FALSE,728.5,23.77,99.22,21.6,830.51,31.46
929,TRUE,821.23,44.31,33.73,188.31,488.82,78.02
1273,TRUE,1663.91,77.0,42.95,546.54,2058.64,195.57
309,FALSE,545.76,40.86,21.83,191.06,700.5,24.59
277,FALSE,521.77,39.15,4.69,159.26,303.62,36.47
232,FALSE,284.76,17.94,25.14,4.25,567.83,7.44
119,FALSE,198.75,18.18,6.64,39.55,268.41,4.41
407,FALSE,713.18,38.7,38.11,215.13,593.66,52.0
289,FALSE,632.31,43.71,47.09,118.0,631.93,15.13
183,FALSE,171.56,13.78,5.16,32.87,813.46,6.11
39,FALSE,110.88,3.41,16.36,0.3,226.72,2.99
175,FALSE,141.19,11.15,7.85,26.01,97.89,4.05
1758,FALSE,102.91,1.85,14.2,14.4,4804.53,11.53
314,FALSE,786.5,76.24,15.13,185.5,263.85,11.81
336,FALSE,340.11,10.21,6.47,138.05,197.75,45.57
395,TRUE,661.36,41.44,4.32,201.6,1186.44,65.84
215,TRUE,237.88,14.93,22.53,1.2,217.23,7.05
391,TRUE,517.63,28.65,3.05,148.8,515.16,59.37
247,FALSE,239.28,19.96,12.32,4.81,330.34,6.18
664,FALSE,849.63,47.35,20.93,187.3,896.59,50.5
166,FALSE,191.21,5.6,27.16,14.37,504.18,7.47
333,FALSE,316.56,21.1,19.78,215.5,288.03,13.34
135,TRUE,259.84,11.87,26.1,9.0,53.66,13.45
329,FALSE,274.72,10.99,31.81,43.68,917.16,13.96
664,TRUE,282.95,8.07,28.08,57.9,997.99,29.21
193,FALSE,730.64,10.23,132.69,3.6,66.23,24.43
287,FALSE,341.65,21.69,24.36,215.02,746.45,14.22
216,FALSE,687.21,72.54,5.09,45.58,632.67,3.82
342,FALSE,905.9,84.07,15.84,207.1,746.49,22.93
178,FALSE,548.78,57.14,6.17,7.2,119.12,3.8
259,FALSE,214.59,13.09,15.9,61.66,486.56,9.94
649,TRUE,544.9,39.87,43.94,5.3,731.63,8.76
876,TRUE,2291.2,63.25,358.62,14.4,909.51,71.21
365,FALSE,536.29,24.28,66.86,1.6,1143.14,14.91
36,FALSE,25.16,1.33,2.94,0.0,364.11,0.48
261,FALSE,545.63,20.16,67.19,92.27,764.83,23.74
207,FALSE,476.89,34.83,36.21,4.8,240.88,8.17
261,FALSE,451.05,31.1,31.21,15.48,1084.53,9.41
214,FALSE,399.68,24.59,37.34,3.6,304.14,9.08
583,FALSE,514.57,20.31,15.71,372.81,2439.52,59.99
165,FALSE,78.83,0.92,14.72,0.8,765.06,3.47
94,FALSE,409.06,28.02,28.34,88.64,354.86,10.82
190,FALSE,241.49,15.51,21.46,3.5,189.48,5.7
54,FALSE,24.33,0.2,2.0,2.07,17.54,3.9
650,TRUE,263.81,16.68,21.92,1.2,147.59,17.16
430,TRUE,736.49,38.3,7.22,260.81,239.36,87.68
178,FALSE,448.26,34.84,24.64,59.71,755.11,10.71
317,FALSE,268.81,18.56,21.79,6.02,433.25,6.07
292,FALSE,709.35,12.92,124.95,13.38,228.6,22.44
53,FALSE,84.98,7.56,3.23,3.4,28.37,1.63
280,TRUE,262.23,8.67,38.7,3.6,350.15,9.74
514,TRUE,286.83,9.58,40.92,6.5,984.66,15.57
459,TRUE,816.2,28.05,101.73,52.73,718.89,36.07
36,FALSE,28.07,1.9,2.58,0.01,276.0,0.38
170,FALSE,600.87,18.02,87.56,27.15,265.69,21.05
343,TRUE,657.91,44.09,23.46,87.46,504.04,42.63
309,FALSE,338.92,27.03,10.47,121.85,764.83,15.95
335,FALSE,537.02,11.05,59.78,172.07,529.36,47.12
445,FALSE,638.15,59.83,25.2,6.93,1151.82,4.43
220,FALSE,400.67,31.29,3.62,122.22,897.52,22.48
246,FALSE,590.71,44.01,38.12,15.23,761.7,12.26
16,FALSE,52.81,5.71,0.42,0.24,102.73,0.22
286,FALSE,553.23,28.08,67.39,9.7,411.29,13.09
256,FALSE,326.2,14.47,41.06,3.5,762.57,9.23
353,FALSE,1175.99,98.73,47.6,243.82,1150.12,26.98
126,FALSE,66.72,3.85,6.81,10.01,236.65,1.4
1638,TRUE,3581.3,254.66,2.31,968.48,1043.69,320.74
823,TRUE,361.97,11.29,57.41,37.85,1553.39,18.62
86,FALSE,116.43,9.59,5.92,6.94,150.35,2.45
37,FALSE,63.71,2.88,8.18,0.01,264.73,1.49
293,FALSE,387.31,22.39,40.97,26.74,460.14,7.57
244,FALSE,134.07,8.37,11.81,6.92,105.8,3.46
10,FALSE,17.44,1.72,0.32,0.8,206.76,0.26
169,FALSE,186.44,14.14,7.19,17.47,299.4,8.55
137,FALSE,128.58,4.29,18.98,17.58,509.57,4.14
336,FALSE,703.48,24.17,92.23,40.53,625.31,30.68
321,TRUE,645.63,49.68,14.96,101.56,303.25,35.92
1058,TRUE,1601.32,101.53,29.11,453.69,1476.88,129.07
289,FALSE,464.09,43.08,11.02,29.77,2266.65,12.57
215,TRUE,237.84,18.07,18.14,2.4,279.82,3.92
235,FALSE,341.58,15.44,4.83,117.91,313.52,38.76
95,FALSE,317.37,31.36,8.58,49.2,36.48,2.11
16,FALSE,8.25,0.49,0.81,0.27,200.14,0.33
175,FALSE,771.32,35.31,87.98,18.2,605.81,24.62
650,FALSE,1039.35,90.91,16.95,227.94,1170.78,40.19
385,FALSE,388.92,7.98,44.98,167.71,1132.25,25.57
89,FALSE,382.98,38.79,0.68,24.1,1042.97,8.28
29,FALSE,33.45,1.9,3.24,3.59,247.61,1.53
203,FALSE,350.35,30.39,18.82,10.88,243.19,5.93
330,FALSE,227.58,16.45,14.81,12.05,916.68,7.79
355,TRUE,615.83,13.35,95.03,22.81,362.75,29.11
492,TRUE,342.34,25.01,27.5,6.16,364.89,7.51
82,FALSE,142.92,5.73,15.5,28.53,307.71,7.14
46,FALSE,94.9,4.36,4.79,21.28,291.36,9.04
59,FALSE,276.85,29.17,1.22,20.21,675.3,2.54
270,FALSE,240.4,15.02,13.1,213.0,753.23,14.3
147,FALSE,431.33,32.25,14.45,68.48,1154.71,21.7
293,TRUE,618.18,26.66,77.75,4.43,359.64,20.78
217,FALSE,322.32,15.74,0.76,126.94,318.35,40.88
511,TRUE,1302.33,112.76,11.87,254.14,631.01,58.48
24,FALSE,46.54,3.13,0.91,50.86,216.94,2.56
410,TRUE,768.22,22.75,122.28,4.35,564.19,22.48
355,TRUE,1453.39,46.02,216.65,5.1,246.4,42.39
93,FALSE,292.57,30.49,3.99,109.09,142.47,2.47
122,FALSE,168.08,14.29,8.62,0.08,201.74,1.11
313,FALSE,254.93,17.38,21.27,8.69,356.49,7.42
155,FALSE,181.27,15.53,7.58,82.44,342.6,4.93
295,TRUE,542.89,49.53,22.3,104.3,119.33,9.2
601,FALSE,714.16,36.44,88.06,14.16,601.63,12.49
138,FALSE,202.58,16.89,2.84,215.02,448.66,9.91
387,TRUE,576.44,35.8,15.61,27.71,1147.62,44.24
113,FALSE,383.96,30.22,12.16,0.0,867.45,16.41
230,FALSE,707.04,30.63,90.05,5.67,285.55,17.56
496,TRUE,706.07,23.66,5.5,186.77,397.93,111.56
144,FALSE,149.13,12.54,8.64,3.2,227.55,2.84
699,FALSE,1364.48,82.45,97.72,235.87,2732.97,61.32
111,FALSE,152.27,10.11,2.6,33.6,395.94,10.5
401,FALSE,918.54,83.8,23.71,45.28,711.98,25.63
264,FALSE,233.28,12.09,7.61,68.01,371.78,23.81
129,FALSE,444.98,25.07,47.29,0.0,8.44,8.43
943,TRUE,883.97,29.64,36.13,294.68,1299.3,103.67
520,FALSE,1345.43,121.62,44.99,54.56,5128.22,32.09
130,FALSE,592.65,61.44,4.05,47.98,953.36,6.21
59,FALSE,168.53,14.62,7.99,1.15,257.75,2.16
544,FALSE,692.63,46.25,54.8,71.86,1187.22,23.9
47,FALSE,63.38,2.99,7.8,0.87,241.55,1.59
307,FALSE,343.75,16.24,44.07,14.17,349.41,7.12
515,TRUE,869.05,41.97,54.03,269.55,858.86,66.61
294,TRUE,371.73,19.25,7.4,108.56,339.07,40.93
396,FALSE,433.67,11.9,44.72,74.37,343.88,34.64
49,FALSE,118.56,7.13,8.98,15.41,279.99,5.08
326,TRUE,223.05,11.57,14.95,32.89,604.51,16.29
109,TRUE,81.37,2.2,13.21,0.03,61.86,2.29
446,TRUE,669.35,45.67,9.58,292.57,707.71,54.65
320,TRUE,476.99,23.29,57.81,1.2,756.71,10.36
256,TRUE,416.62,16.81,54.36,5.0,363.43,14.3
367,FALSE,707.8,45.93,0.8,225.73,534.63,68.51
191,FALSE,643.44,33.29,62.21,92.41,864.56,24.04
105,FALSE,142.9,4.8,18.81,6.2,530.71,6.41
47,FALSE,97.93,9.4,1.81,8.93,400.65,2.24
355,FALSE,735.36,47.38,20.75,222.04,910.37,54.55
198,FALSE,311.94,28.05,12.51,46.35,396.69,6.44
292,FALSE,268.77,10.82,35.11,12.05,702.63,8.11
465,TRUE,1204.43,35.85,175.84,35.7,522.35,43.1
886,TRUE,1641.56,63.66,216.69,63.36,764.52,59.83
68,FALSE,236.46,15.82,19.08,24.11,406.31,4.88
29,FALSE,36.56,1.69,4.13,1.81,55.54,1.3
365,FALSE,359.78,14.94,12.46,99.32,406.84,43.1
435,FALSE,676.73,52.94,39.47,66.91,1181.47,14.8
180,FALSE,291.77,5.53,51.99,0.9,276.22,9.65
116,FALSE,157.31,8.67,1.34,66.12,140.59,17.68
58,FALSE,58.9,2.21,7.18,1.56,86.82,3.15
288,FALSE,175.18,12.32,16.05,0.6,759.41,3.41
728,TRUE,868.08,51.72,22.16,199.0,450.41,79.37
189,FALSE,642.06,58.35,1.02,163.1,320.15,26.57
958,TRUE,1107.06,85.66,52.15,255.9,3009.62,42.46
144,FALSE,76.27,1.8,14.1,0.21,113.78,1.71
1618,FALSE,411.41,19.18,48.94,54.25,771.65,13.11
181,FALSE,208.12,17.0,7.97,22.4,834.44,7.92
261,FALSE,562.89,14.84,90.31,2.4,491.95,16.92
112,FALSE,215.2,17.61,12.44,0.09,497.2,2.99
1618,FALSE,411.41,19.18,48.94,54.25,771.65,13.11
258,FALSE,210.69,4.4,38.8,0.85,493.87,5.75
82,FALSE,102.96,4.83,10.44,35.15,207.04,4.89
245,FALSE,397.53,11.65,49.98,25.5,580.64,22.93
53,FALSE,99.75,5.28,11.1,0.21,175.86,2.13
1130,TRUE,1140.02,50.08,47.4,447.21,1935.85,120.42
517,TRUE,985.48,29.03,148.08,1.02,1269.37,34.8
245,FALSE,751.94,28.31,93.41,134.82,704.03,31.18
206,TRUE,293.38,15.76,1.07,95.5,279.6,35.15
170,FALSE,187.93,14.07,9.88,49.82,290.57,6.12
1116,FALSE,574.52,7.56,35.61,245.86,2344.68,69.81
317,TRUE,461.93,22.23,20.78,67.0,534.57,45.21
262,FALSE,480.11,30.52,44.38,32.98,846.12,7.48
52,FALSE,270.64,28.04,0.92,12.76,23.14,4.48
243,FALSE,393.01,22.18,15.59,93.55,1782.3,27.19
908,TRUE,590.91,19.53,71.84,20.4,1662.39,38.81
115,FALSE,129.36,10.19,7.23,15.54,85.71,4.83
337,FALSE,502.26,33.83,7.8,228.61,1082.91,41.84
38,FALSE,130.14,8.31,3.49,34.08,364.95,10.2
27,FALSE,49.93,0.63,9.36,0.86,68.28,1.8
25,FALSE,28.88,1.71,1.94,1.9,76.13,1.64
18,FALSE,24.93,2.5,0.82,0.38,278.43,0.34
314,FALSE,334.53,12.1,11.86,166.46,572.31,42.99
70,FALSE,65.27,4.96,3.94,2.27,150.45,1.41
387,FALSE,368.09,19.84,27.84,37.1,484.39,22.41
644,TRUE,623.99,50.51,36.14,9.59,558.22,12.79
253,TRUE,652.29,65.74,11.38,8.69,298.15,11.46
203,FALSE,395.3,23.43,31.4,222.14,531.78,14.65
733,TRUE,707.81,30.63,3.43,265.3,1705.42,101.22
276,FALSE,125.24,7.43,13.97,0.0,224.51,2.91
633,FALSE,451.26,16.61,40.08,23.97,1297.26,15.2
301,FALSE,256.66,13.06,22.73,1.32,256.05,13.15
353,FALSE,716.2,34.71,52.91,294.39,1247.66,41.69
293,TRUE,577.73,27.85,70.19,0.8,302.06,12.98
144,FALSE,73.35,3.83,5.96,8.47,158.69,4.88
31,FALSE,159.29,17.63,0.42,1.2,256.82,0.54
40,FALSE,70.34,4.88,5.17,1.44,132.96,1.85
480,FALSE,430.27,23.5,42.11,100.93,1690.66,13.06
54,FALSE,136.17,14.6,2.11,0.8,566.59,0.72
188,FALSE,521.93,43.17,24.64,59.71,1530.44,10.71
107,FALSE,524.06,56.94,1.2,7.2,309.64,3.07
390,FALSE,491.29,35.62,40.49,0.0,281.17,6.89
710,FALSE,566.45,43.86,24.11,72.51,1202.96,22.91
474,FALSE,1180.09,89.04,41.73,198.6,1652.33,53.26
131,FALSE,196.57,6.84,26.31,8.23,405.49,8.61
183,FALSE,180.13,6.23,5.01,74.56,390.34,24.82
260,FALSE,410.32,23.17,2.57,132.19,629.59,45.63
215,FALSE,183.89,5.71,28.52,6.02,714.6,5.61
187,FALSE,95.28,5.63,10.39,0.3,157.49,2.25
339,FALSE,347.91,4.48,48.0,74.13,570.25,28.33
120,TRUE,111.41,2.53,17.94,2.48,70.34,4.01
960,TRUE,462.86,17.3,47.77,55.12,1083.21,37.85
358,FALSE,576.12,44.96,37.04,19.78,513.88,8.76
139,FALSE,254.19,16.84,3.44,276.19,523.62,21.7
306,TRUE,666.76,62.6,11.3,35.0,476.16,18.34
123,FALSE,155.71,2.94,25.37,6.02,770.41,6.5
225,FALSE,344.76,18.4,1.36,128.98,336.36,41.73
158,FALSE,258.28,21.84,5.96,21.55,431.71,9.98
377,FALSE,529.92,20.35,59.68,38.19,779.96,24.26
767,FALSE,670.87,29.77,16.93,185.92,308.35,51.15
298,TRUE,602.66,36.38,10.59,85.72,791.36,55.06
378,FALSE,639.37,39.47,17.97,182.77,451.47,45.0
457,FALSE,341.18,21.29,20.3,22.8,1857.1,18.78
388,FALSE,522.4,27.83,4.17,357.6,4166.88,59.7
232,FALSE,271.04,16.13,26.14,3.6,1243.87,6.91
658,TRUE,441.98,7.1,34.29,104.42,1232.8,63.24
249,FALSE,283.57,8.01,1.65,145.38,462.46,48.45
127,FALSE,95.63,7.65,5.75,7.83,461.02,3.34
559,TRUE,279.89,14.08,34.01,24.45,474.34,11.08
422,FALSE,1205.78,48.79,147.82,87.93,1529.04,45.25
263,FALSE,376.15,16.26,50.06,17.01,492.03,8.67
469,TRUE,1117.33,42.83,145.93,28.17,1145.01,37.44
777,TRUE,471.93,35.2,32.56,93.85,609.27,12.52
1046,TRUE,989.51,45.52,89.91,280.05,528.35,58.61
173,FALSE,462.71,25.03,39.68,25.2,1080.03,20.56
1140,TRUE,789.73,19.85,133.86,64.09,349.74,27.86
496,TRUE,316.17,16.54,35.95,14.4,253.22,14.2
236,FALSE,283.15,25.83,12.26,1.2,333.66,2.43
70,FALSE,119.88,12.03,2.15,4.13,466.1,1.99
44,FALSE,171.16,18.58,0.98,1.2,305.81,0.69
411,FALSE,695.05,42.52,40.68,308.96,1876.45,36.53
192,FALSE,492.84,43.41,2.2,81.8,1875.0,22.94
413,FALSE,633.5,48.08,26.97,219.24,1448.52,19.92
1084,TRUE,2165.72,70.15,264.6,784.85,3360.1,83.14
201,FALSE,533.75,15.71,76.74,31.37,1484.53,22.36
335,FALSE,753.6,64.71,10.41,135.71,512.83,31.44
392,FALSE,402.01,19.24,12.33,124.51,375.47,39.25
63,FALSE,119.85,9.76,0.44,222.78,116.55,7.19
213,FALSE,132.07,8.61,12.41,2.4,604.45,3.32
311,FALSE,805.34,63.47,42.65,49.36,646.72,17.4
917,FALSE,1482.13,95.23,40.46,292.86,1388.33,80.84
48,FALSE,76.94,7.39,2.19,2.4,448.46,1.3
373,FALSE,422.2,23.38,15.9,419.58,1188.05,31.4
266,FALSE,312.04,8.26,35.84,31.82,843.62,23.73
285,TRUE,599.73,18.37,91.35,2.4,399.6,17.33
132,FALSE,381.17,21.42,40.16,1.6,1013.45,8.96
73,FALSE,55.86,5.07,1.74,1.77,313.37,0.88
125,FALSE,259.02,12.42,24.15,118.33,239.05,11.37
527,FALSE,367.77,17.44,34.61,144.96,462.29,21.25
1230,TRUE,727.38,50.2,65.43,7.2,1699.31,16.05
1132,TRUE,801.64,20.36,112.96,9.6,1821.77,47.89
238,FALSE,509.53,46.1,11.99,35.34,1547.82,14.12
248,FALSE,748.38,47.97,49.23,82.59,1411.95,31.43
539,FALSE,1754.57,106.93,160.44,48.02,2985.0,35.18
439,FALSE,555.63,28.59,13.19,184.97,570.82,54.09
164,FALSE,332.9,29.16,11.85,57.51,664.88,7.28
303,FALSE,462.85,18.86,49.29,198.08,1450.91,22.54
64,FALSE,24.79,1.23,2.7,0.68,31.34,1.62
203,FALSE,350.35,30.39,18.82,10.88,243.19,5.93
19,FALSE,53.54,3.93,4.02,0.2,64.59,0.69
22,FALSE,74.95,5.17,4.6,13.65,162.07,2.55
250,FALSE,304.33,27.34,15.9,3.0,2120.24,5.14
317,FALSE,302.33,18.99,16.67,29.47,504.54,16.13
841,FALSE,1837.39,18.63,278.92,1.2,996.57,117.96
535,FALSE,844.84,42.14,100.94,0.0,3339.3,15.73
469,FALSE,809.04,62.78,45.73,59.48,677.38,20.06
309,FALSE,518.14,39.29,10.75,148.73,369.07,32.46
220,TRUE,267.78,16.49,3.44,56.68,1404.94,25.67
405,TRUE,678.99,38.34,8.92,158.18,1511.2,76.41
163,FALSE,182.16,17.01,7.15,2.4,531.75,2.48
159,TRUE,226.24,12.47,2.02,69.39,314.22,25.77
268,FALSE,354.09,17.01,23.44,34.79,503.29,15.94
221,FALSE,530.02,15.16,68.05,8.2,379.95,15.37
101,FALSE,222.32,19.7,2.05,205.22,363.31,9.55
351,FALSE,688.78,50.22,27.6,75.58,1616.51,31.57
374,TRUE,318.19,13.69,7.98,104.36,423.36,39.37
363,FALSE,561.81,40.32,26.04,110.15,570.17,5.21
205,FALSE,127.41,1.85,23.5,4.8,549.77,6.58
482,TRUE,365.81,9.6,26.96,128.58,850.2,44.65
824,TRUE,1703.94,35.65,279.05,22.8,3185.04,68.29
110,FALSE,290.67,14.36,36.41,34.64,200.42,4.13
186,FALSE,138.13,5.46,11.49,173.28,143.36,10.86
189,FALSE,155.23,9.81,15.85,0.27,370.9,3.33
153,FALSE,431.54,35.2,17.33,26.93,792.38,13.42
378,FALSE,509.38,12.67,37.55,583.58,2493.22,57.5
220,FALSE,389.12,29.36,16.42,259.49,454.7,15.69
79,FALSE,491.13,54.23,2.74,0.18,63.06,0.64
347,FALSE,488.58,33.64,18.46,131.59,686.71,27.66
215,FALSE,310.99,27.32,6.33,27.38,462.36,11.56
620,TRUE,1561.26,36.41,253.75,101.09,3216.87,50.42
520,TRUE,492.31,21.38,50.05,46.61,1151.59,26.93
325,TRUE,559.78,35.3,2.58,186.28,1096.24,54.97
388,TRUE,545.23,26.5,56.39,22.8,1063.5,21.73
480,TRUE,518.63,24.98,58.18,9.6,943.46,21.08
167,TRUE,429.9,37.1,12.77,21.95,554.76,16.83
157,FALSE,406.84,16.13,53.57,42.46,600.06,11.72
1486,TRUE,2348.5,99.55,222.83,366.71,3971.25,135.85
629,TRUE,337.58,13.33,37.42,198.49,472.36,20.52
451,FALSE,377.72,12.33,10.07,97.94,361.9,33.27
145,FALSE,88.66,3.07,13.27,0.9,299.46,2.29
156,FALSE,446.01,27.3,34.43,156.56,794.29,15.17
368,FALSE,486.4,5.15,110.65,0.06,451.2,2.8
289,FALSE,528.6,16.4,74.88,1.8,413.34,21.31
367,FALSE,604.46,26.66,72.29,18.31,497.97,19.65
199,FALSE,549.76,37.8,43.13,6.02,588.78,9.87
250,FALSE,474.66,38.7,23.22,72.9,438.52,11.58
262,FALSE,480.11,30.52,44.38,32.98,846.12,7.48
386,FALSE,1613.39,163.11,14.3,152.81,2734.91,28.17
565,TRUE,1317.83,39.16,171.32,804.9,2314.97,68.98
316,TRUE,384.77,11.7,60.14,4.8,731.93,13.58
355,FALSE,622.56,39.6,31.88,106.69,266.58,34.34
266,FALSE,312.02,8.26,35.84,31.82,843.59,23.73
299,FALSE,335.31,23.28,12.3,44.48,1376.62,16.58
102,TRUE,190.23,16.59,5.72,8.78,322.47,6.43
686,FALSE,1192.58,75.23,13.09,306.96,1201.57,90.11
664,TRUE,706.16,54.05,29.47,216.31,785.03,28.37
130,FALSE,125.23,9.11,8.87,11.32,371.56,2.08
41,FALSE,49.59,4.45,1.2,28.34,74.58,1.4
100,FALSE,157.59,14.46,5.7,2.4,269.75,1.83
55,FALSE,284.53,26.08,1.09,26.55,678.1,11.61
297,FALSE,482.4,34.15,35.51,81.07,394.2,10.83
36,FALSE,194.81,20.71,2.53,1.26,1290.36,0.96
29,FALSE,70.62,7.53,1.16,0.04,351.56,0.36
437,FALSE,358.32,24.63,30.15,62.6,1652.91,10.62
362,TRUE,364.15,19.45,8.52,88.33,134.51,38.11
207,FALSE,284.54,22.91,18.81,2.4,310.22,7.09
103,FALSE,123.16,3.86,17.54,6.64,331.31,4.34
175,FALSE,141.19,11.15,7.85,26.01,97.89,4.05
858,TRUE,680.06,33.77,41.17,143.01,642.6,56.03
234,FALSE,715.05,63.08,2.73,138.37,417.2,32.14
558,TRUE,673.45,32.2,46.78,122.92,1228.2,51.32
675,TRUE,566.62,43.89,38.63,4.8,617.84,7.95
228,TRUE,534.18,31.25,1.86,33.0,973.48,50.78
342,TRUE,360.1,17.05,43.92,2.4,411.1,8.91
171,FALSE,110.18,6.58,11.11,8.0,386.22,3.8
36,FALSE,32.13,0.72,4.75,2.4,71.97,1.71
197,FALSE,223.5,16.43,12.62,10.1,352.04,7.98
163,FALSE,287.65,23.7,7.19,68.87,1381.31,12.15
211,FALSE,208.07,8.67,3.49,113.4,946.43,25.77
1636,TRUE,1344.7,61.15,145.32,120.73,4158.65,69.91
175,FALSE,141.19,11.15,7.85,26.01,97.89,4.05
729,TRUE,455.63,5.7,88.94,0.0,10246.17,27.62
140,FALSE,286.66,12.1,31.57,14.45,592.28,12.88
119,FALSE,152.6,13.1,8.7,0.0,322.62,1.94
292,FALSE,425.55,23.53,54.1,0.0,233.81,5.68
57,FALSE,148.3,15.16,2.69,1.92,567.16,1.26
30,FALSE,236.38,26.19,0.88,0.0,1.17,0.68
392,FALSE,535.9,30.14,2.84,158.15,671.48,61.48
488,FALSE,869.75,46.13,79.03,117.67,939.85,37.74
174,FALSE,659.5,70.86,6.09,100.05,51.25,3.0
320,FALSE,319.23,21.61,12.18,37.53,685.42,18.4
172,FALSE,291.51,21.23,3.45,121.98,568.75,21.49
110,FALSE,156.44,11.54,10.02,6.65,572.65,5.26
400,TRUE,1410.74,47.03,192.89,34.0,1020.92,51.82
99,FALSE,329.59,30.39,7.03,28.66,665.98,7.18
1297,TRUE,783.11,23.46,67.35,163.77,1264.69,77.13
157,FALSE,248.7,19.15,5.05,26.5,809.37,15.11
626,FALSE,1070.36,92.32,19.95,172.1,901.27,47.78
393,FALSE,518.69,29.56,17.71,112.26,1847.03,40.27
144,FALSE,184.13,16.73,8.29,1.6,786.54,2.1
161,FALSE,253.07,18.44,3.63,62.6,361.05,12.25
491,FALSE,1184.03,102.68,14.98,239.38,1167.94,49.7
360,TRUE,624.28,18.65,96.65,3.6,650.76,18.74
509,FALSE,720.03,44.66,56.76,42.53,795.17,18.12
2463,FALSE,546.07,34.16,28.63,246.68,1884.65,32.15
85,FALSE,534.74,53.92,8.94,0.0,480.93,8.62
942,TRUE,877.95,57.34,51.27,136.23,1085.39,41.65
111,FALSE,597.02,62.57,4.3,32.39,595.99,5.1
222,FALSE,282.46,10.71,1.99,120.0,209.32,41.08
1915,TRUE,2372.72,87.13,16.75,967.32,1986.36,350.58
210,FALSE,538.03,48.06,13.92,133.59,586.61,15.12
370,TRUE,821.73,30.35,114.39,7.2,789.57,24.37
1467,TRUE,902.38,45.63,88.57,231.7,1745.73,46.2
52,FALSE,33.09,1.09,4.32,2.27,213.54,1.92
100,FALSE,143.98,9.9,12.16,1.25,207.86,2.26
54,FALSE,123.04,12.48,1.66,46.63,815.72,2.15
279,FALSE,352.83,32.19,10.57,9.92,350.87,7.96
108,FALSE,423.67,31.74,28.7,112.02,293.04,6.93
150,TRUE,435.13,15.85,60.52,4.8,33.79,12.81
662,TRUE,1386.61,64.4,42.99,431.1,12399.93,152.37
138,FALSE,193.98,16.97,9.02,9.43,41.97,4.12
673,FALSE,962.49,39.62,102.28,90.79,2185.16,40.37
193,FALSE,214.72,18.51,9.52,31.6,461.92,5.06
363,TRUE,845.93,58.68,42.09,396.51,843.85,39.52
44,FALSE,52.92,4.58,2.66,10.75,265.92,0.12
241,FALSE,734.47,61.91,28.24,259.72,653.83,16.85
42,FALSE,167.83,18.18,1.69,1.2,210.87,0.55
901,TRUE,460.27,35.17,36.19,0.0,1511.83,8.7
777,TRUE,747.71,43.93,36.36,130.7,1258.74,54.22
251,FALSE,330.79,19.98,30.39,45.65,531.45,9.71
363,FALSE,389.73,19.53,16.83,93.32,1193.65,38.49
239,FALSE,343.03,29.89,8.02,56.83,478.48,11.4
267,FALSE,723.69,75.88,9.34,129.12,1246.41,5.38
374,FALSE,509.21,29.57,8.91,130.34,443.98,43.83
16,FALSE,37.64,2.84,0.63,11.49,147.64,2.42
518,FALSE,324.21,25.21,20.87,7.07,181.19,10.95
287,FALSE,215.88,7.69,12.11,1.93,635.07,3.19
438,TRUE,522.48,23.68,16.07,183.87,1891.33,57.45
286,FALSE,140.24,7.63,17.42,1.2,67.49,3.02
588,FALSE,659.6,45.9,26.18,218.89,1289.14,37.64
195,FALSE,319.65,24.89,12.83,22.8,1202.23,13.74
508,TRUE,586.1,25.03,36.7,158.53,1631.11,53.78
127,FALSE,50.38,2.66,5.61,0.85,55.48,1.7
307,TRUE,601.58,19.49,80.29,21.6,850.4,26.11
344,FALSE,236.52,10.95,16.3,81.65,445.58,18.95
647,TRUE,1487.0,19.96,272.19,22.07,2627.4,56.85
35,FALSE,78.97,6.9,0.3,107.81,272.45,3.63
287,FALSE,177.82,14.69,10.82,32.55,313.02,3.63
635,TRUE,528.57,36.34,35.7,2.61,807.5,6.98
798,TRUE,1610.15,35.7,262.07,36.0,689.41,61.93
190,FALSE,133.85,10.25,9.22,2.4,827.23,4.18
364,TRUE,566.36,17.92,85.87,2.4,312.4,16.86
80,FALSE,313.93,27.64,11.87,0.0,535.51,10.01
1360,TRUE,1712.85,34.14,288.87,14.4,2899.9,63.99
189,TRUE,441.14,21.92,47.23,31.02,885.02,14.82
523,TRUE,295.7,15.89,31.65,4.8,1192.04,6.88
254,TRUE,445.68,31.13,0.86,165.7,96.41,38.61
432,FALSE,682.96,49.68,42.51,68.98,1945.17,20.13
623,FALSE,1017.27,61.3,20.81,284.67,929.59,83.16
6932,TRUE,8886.66,274.29,11.31,4384.69,3790.89,1496.76
324,FALSE,578.75,20.21,77.91,43.26,940.06,21.85
270,FALSE,578.61,9.99,98.66,107.86,1417.82,21.76
159,TRUE,661.41,29.32,88.94,1.2,18.35,20.36
477,FALSE,718.38,34.17,55.53,106.41,960.54,45.43
232,FALSE,655.33,24.04,83.31,24.36,750.31,26.12
169,FALSE,451.3,15.7,60.64,12.45,235.85,16.35
558,FALSE,443.7,16.62,33.09,63.7,884.28,30.29
77,FALSE,108.43,10.9,3.27,0.6,555.43,0.6
183,FALSE,179.34,8.4,16.57,60.66,245.4,8.15
233,FALSE,163.79,14.0,8.62,1.8,90.52,2.62
222,FALSE,678.2,69.6,11.75,8.5,829.44,5.55
296,TRUE,481.87,31.24,2.6,125.34,531.46,45.59
31,FALSE,76.85,6.85,0.31,95.6,260.35,3.2
1076,TRUE,566.14,20.71,60.14,251.35,2929.29,26.33
497,FALSE,725.4,16.6,121.39,2.4,1355.26,22.82
286,FALSE,450.7,27.84,3.9,134.18,390.14,46.6
1103,TRUE,620.68,16.59,107.19,7.2,1004.24,19.71
522,TRUE,735.72,37.54,65.23,396.33,1305.36,38.17
417,FALSE,322.16,18.39,26.67,14.65,641.91,13.61
125,FALSE,505.41,42.33,9.85,66.6,879.57,20.79
140,FALSE,213.35,20.41,7.81,0.0,820.71,1.45
270,FALSE,286.63,18.45,26.08,4.27,1113.12,6.53
199,FALSE,192.51,14.08,15.5,1.8,354.4,3.33
320,FALSE,429.51,31.71,27.28,48.99,470.11,11.38
366,TRUE,625.79,46.49,9.62,67.0,209.1,43.19
161,FALSE,471.92,19.87,68.32,1.6,479.86,4.19
260,FALSE,307.01,20.23,11.91,39.26,980.31,19.05
259,FALSE,214.59,13.09,15.9,61.66,486.56,9.94
113,FALSE,130.76,5.28,4.07,42.61,581.88,16.28
983,FALSE,670.12,38.94,31.23,125.22,1513.37,52.02
273,TRUE,461.98,15.95,67.26,2.4,1055.86,14.31
285,FALSE,421.61,21.56,14.18,190.36,370.67,41.48
292,FALSE,466.35,36.4,15.43,61.47,134.15,23.95
175,FALSE,141.19,11.15,7.85,26.01,97.89,4.05
469,FALSE,578.48,22.81,56.53,22.8,727.73,15.14
397,FALSE,542.36,33.91,11.42,83.76,598.5,22.46
403,FALSE,314.84,19.61,8.61,112.15,197.74,25.06
60,FALSE,248.87,22.05,1.97,21.1,807.92,11.29
948,FALSE,816.34,25.77,127.69,0.0,1237.06,23.77
586,TRUE,961.83,36.64,95.46,254.9,1149.12,60.44
140,FALSE,120.12,3.96,17.64,9.76,600.66,4.21
179,FALSE,427.66,38.54,5.45,47.55,1292.77,18.54
341,TRUE,610.75,46.46,8.22,121.65,109.25,41.53
366,TRUE,306.33,16.13,12.69,44.32,362.21,27.19
1553,TRUE,681.93,18.96,127.53,1.0,467.86,28.04
18,FALSE,17.11,1.25,1.38,0.16,208.07,0.3
129,FALSE,92.46,4.61,4.85,166.08,263.54,7.11
94,FALSE,173.22,9.68,12.55,131.21,414.81,8.79
146,FALSE,235.5,15.87,2.48,61.36,731.45,20.29
57,FALSE,192.91,15.86,10.85,5.91,336.58,3.36
122,FALSE,77.95,3.13,10.36,34.44,346.08,3.04
473,FALSE,242.15,12.0,18.31,23.37,726.06,13.19
120,FALSE,642.83,64.67,2.88,124.05,516.2,14.35
383,TRUE,987.46,55.65,78.12,20.4,4864.85,43.86
278,TRUE,366.93,18.83,29.97,21.0,1252.4,21.73
473,TRUE,778.5,16.37,134.59,4.8,1126.56,26.43
221,TRUE,325.17,22.29,6.95,50.78,532.43,25.16
69,FALSE,222.22,23.61,3.0,0.8,226.57,1.04
732,FALSE,308.23,16.12,8.86,61.2,483.7,34.02
303,FALSE,440.65,24.55,10.22,111.45,620.41,44.88
420,FALSE,493.22,24.73,12.79,121.9,1104.63,52.64
567,TRUE,363.59,3.11,9.13,170.66,221.69,72.2
528,FALSE,389.99,25.52,8.46,71.77,732.35,32.18
570,FALSE,1077.88,66.9,34.08,323.36,477.08,91.48
1234,TRUE,1955.38,85.93,94.03,403.69,822.28,207.35
397,TRUE,688.45,16.68,105.17,187.34,1217.62,30.07
2603,TRUE,1720.31,14.65,53.34,774.0,1588.87,334.3
16,FALSE,18.12,0.5,2.19,4.69,33.26,0.58
352,TRUE,408.93,13.27,10.06,150.0,427.49,65.07
1044,TRUE,1334.11,74.5,49.41,624.36,5852.4,112.95
2351,TRUE,1999.17,66.92,250.27,209.14,3178.45,117.34
1815,TRUE,1472.79,32.64,14.92,680.91,3896.61,279.45
600,TRUE,715.01,52.8,25.36,235.26,1208.78,43.97
335,TRUE,444.43,31.44,7.37,136.08,459.21,33.92
55,FALSE,192.66,18.8,0.16,26.67,307.7,5.95
598,FALSE,672.9,26.74,1.11,453.44,1051.4,100.6
331,TRUE,228.88,6.42,9.01,136.08,133.89,32.53
1083,TRUE,1121.89,35.53,9.52,720.0,2400.37,161.26
844,FALSE,574.55,36.8,6.93,201.79,176407.16,53.13
84,FALSE,88.52,1.83,2.94,56.7,182.01,12.94
469,FALSE,872.81,63.58,37.67,415.32,413.48,41.26
286,FALSE,862.54,80.56,5.19,227.67,618.68,31.24
427,TRUE,482.54,29.08,25.09,136.08,314.67,32.73
230,FALSE,247.89,3.02,12.93,90.72,3670.16,21.43
296,FALSE,288.82,19.43,13.22,49.9,506.59,17.2
148,FALSE,158.47,5.42,0.18,117.64,146.97,25.57
136,FALSE,111.36,1.65,1.0,56.7,298.55,22.08
103,FALSE,130.48,1.5,3.6,48.38,79.35,11.12
526,TRUE,577.4,47.82,22.7,68.04,647.39,19.95
386,FALSE,342.42,5.33,10.66,181.44,2883.0,42.47
663,FALSE,492.9,26.79,28.59,138.63,975.36,35.81
404,FALSE,599.95,41.48,20.56,160.55,1314.27,36.47
184,FALSE,182.72,5.15,1.93,136.08,119.09,30.48
252,FALSE,312.15,14.49,2.73,136.08,351.94,30.27
1085,TRUE,1289.88,63.63,11.89,725.75,1063.26,162.41
353,FALSE,397.95,15.52,0.26,292.22,1398.58,60.42
411,FALSE,699.9,35.51,26.93,316.71,943.0,64.16
254,FALSE,523.93,38.14,23.69,99.89,1707.91,21.42
379,FALSE,308.9,8.36,10.1,158.76,394.63,36.68
62,FALSE,80.17,4.38,1.17,22.23,296.99,9.1
33,FALSE,31.97,1.26,1.48,12.96,206.58,3.13
188,FALSE,183.61,3.97,3.99,136.08,1177.63,30.94
494,FALSE,665.53,44.62,27.32,188.63,14562.14,41.21
193,FALSE,286.75,21.98,2.55,74.84,378.07,20.1
546,TRUE,600.61,29.37,17.92,272.16,640.1,65.04
517,TRUE,489.35,14.29,5.61,362.87,510.27,81.2
234,FALSE,349.43,22.79,4.68,118.29,399.73,31.04
336,FALSE,201.44,8.73,6.61,110.44,692.52,22.15
343,FALSE,276.79,12.84,7.92,146.11,320.39,31.91
298,FALSE,345.32,16.78,2.73,211.54,381.31,41.51
251,FALSE,546.58,45.12,3.56,196.82,525.82,31.42
299,FALSE,376.59,21.36,12.28,136.08,1537.05,33.26
153,FALSE,145.03,4.68,1.85,90.72,226.04,20.39
202,FALSE,205.91,7.58,3.06,136.08,263.51,30.54
241,FALSE,247.14,7.69,1.75,187.54,371.58,40.47
70,FALSE,58.37,1.23,4.54,27.2,404.46,7.17
268,FALSE,274.38,11.14,9.51,136.08,1199.89,32.73
713,TRUE,589.03,27.67,50.21,203.04,644.72,40.09
517,TRUE,489.35,14.29,5.61,362.87,510.27,81.2
283,TRUE,332.32,17.72,11.41,136.08,297.94,31.42
204,FALSE,200.01,3.99,2.59,136.08,370.52,30.89
161,FALSE,281.83,2.77,48.99,0.0,3020.89,7.47
205,FALSE,198.72,6.08,3.67,136.08,409.36,31.06
202,FALSE,150.49,10.87,7.67,32.71,222.4,6.73
351,FALSE,383.06,22.03,13.71,136.64,573.0,33.52
183,FALSE,265.52,17.0,2.4,113.4,765.97,25.67
711,TRUE,520.78,13.78,14.55,362.87,542.73,82.9
326,FALSE,250.25,9.62,7.58,136.08,674.46,31.92
131,FALSE,210.04,16.57,4.01,42.85,344.5,8.97
349,FALSE,252.58,7.64,12.29,136.08,736.72,34.16
1256,TRUE,495.68,11.0,8.12,362.87,255026.31,86.1
208,FALSE,257.81,13.21,2.73,151.13,512.32,30.42
274,FALSE,422.14,25.15,3.47,183.18,1109.04,44.85
270,TRUE,201.3,5.96,8.37,113.4,417.09,28.64
204,FALSE,285.08,16.16,2.44,136.68,422.96,30.91
1072,TRUE,683.06,23.09,18.8,167.83,132367.09,97.73
382,FALSE,457.8,32.48,26.97,58.71,489.94,17.68
429,FALSE,692.06,54.07,7.44,161.19,242.26,48.97
426,TRUE,400.66,15.0,31.77,136.08,580.95,35.3
275,FALSE,321.31,15.17,3.01,181.44,387.39,40.34
582,TRUE,509.41,12.78,6.74,227.05,454.08,93.03
377,FALSE,457.53,21.48,2.11,272.16,434.84,60.61
455,TRUE,334.89,15.28,23.33,136.08,644.0,33.27
185,FALSE,220.47,14.48,5.22,58.68,640.52,17.15
19,FALSE,21.28,0.44,2.37,8.21,35.56,1.94
530,TRUE,401.33,6.22,16.56,170.1,1041.5,72.58
431,FALSE,442.22,0.39,36.31,0.0,3075.2,8.79
338,TRUE,465.63,32.3,11.37,136.08,609.29,31.35
420,FALSE,405.42,21.27,20.5,143.6,432.63,31.93
1360,TRUE,1238.86,45.33,27.05,741.53,1089.56,167.21
768,FALSE,746.52,20.49,6.23,544.31,3490.71,126.9
772,TRUE,336.65,16.55,36.3,45.36,251.02,17.44
235,FALSE,307.94,21.26,3.46,113.4,735.23,25.85
1219,TRUE,1837.88,45.24,136.45,531.0,1255.85,205.48
568,FALSE,531.5,34.74,20.2,136.08,1460.77,36.8
287,FALSE,406.3,5.22,44.69,113.4,551.45,29.96
542,TRUE,847.64,45.42,10.05,303.75,564.99,95.13
356,TRUE,388.3,22.21,13.74,136.08,391.07,34.24
289,FALSE,334.18,18.34,7.43,136.08,1939.35,34.81
1151,TRUE,1237.64,51.98,63.41,530.17,986.84,114.71
663,FALSE,692.69,33.0,14.3,381.5,474.67,82.33
573,FALSE,1557.09,122.64,57.38,306.96,422.21,43.21
379,FALSE,457.58,21.5,2.31,272.16,429.37,60.55
18,FALSE,21.88,1.21,0.51,9.07,43.26,2.24
65,FALSE,120.22,6.71,1.97,30.72,250.74,11.76
439,FALSE,453.31,25.5,20.76,161.11,770.15,36.2
195,FALSE,209.74,3.99,10.69,136.08,559.53,30.28
88,FALSE,72.27,2.66,1.76,36.6,151.52,8.52
1850,TRUE,2996.99,115.47,293.75,627.11,4407.07,185.16
413,TRUE,261.52,8.57,13.15,136.08,629.46,32.4
210,FALSE,338.07,3.95,50.6,77.71,1128.69,23.51
568,TRUE,589.61,24.32,7.94,362.87,538.38,81.56
117,FALSE,109.45,3.48,3.2,29.99,295.46,11.68
240,FALSE,392.25,22.75,17.36,113.4,1120.55,29.88
671,FALSE,618.07,41.24,27.39,229.19,904.98,38.15
326,FALSE,343.39,16.05,7.58,181.44,3655.29,41.46
369,FALSE,597.08,31.93,27.04,117.78,795.71,48.49
670,TRUE,1133.86,66.99,93.7,181.23,1227.67,48.54
116,FALSE,155.4,8.49,7.28,328.36,520.89,11.81
293,TRUE,393.74,22.98,5.19,181.44,160.96,41.03
541,FALSE,534.8,48.0,28.24,0.0,3054.47,4.84
143,TRUE,401.35,26.78,32.92,0.8,209.08,12.82
336,TRUE,256.2,7.78,14.0,136.08,445.0,32.04
583,TRUE,696.7,15.96,77.2,136.08,1794.61,60.22
348,TRUE,259.64,7.82,12.21,136.08,432.92,32.33
233,FALSE,317.87,14.88,32.98,11.69,549.56,5.73
385,FALSE,373.24,20.61,4.34,197.21,433.66,31.69
93,FALSE,163.3,10.23,2.62,53.72,265.94,15.5
378,TRUE,521.52,15.38,55.91,136.08,397.72,38.46
1019,FALSE,407.42,8.94,29.2,138.55,4257.98,49.7
186,FALSE,228.66,1.16,36.16,41.58,1229.18,17.98
272,FALSE,264.75,4.1,8.52,136.08,314.0,30.95
101,FALSE,73.23,2.44,2.27,45.36,262.01,10.63
40,FALSE,170.4,18.13,2.73,0.0,130.44,0.52
357,TRUE,438.39,18.2,34.74,136.0,212.36,32.97
448,FALSE,701.6,38.74,52.67,203.42,28829.18,35.97
286,FALSE,373.98,21.01,6.85,137.21,14924.98,39.73
264,FALSE,323.91,17.92,8.29,143.6,331.32,32.63
553,FALSE,617.59,27.0,35.67,116.13,2538.34,41.63
1168,TRUE,1011.29,28.69,16.45,720.0,836.7,162.45
805,FALSE,383.98,8.2,6.06,272.16,132205.84,67.72
164,FALSE,230.71,12.73,0.64,136.01,348.92,27.0
370,TRUE,286.55,9.7,14.82,136.0,595.19,32.87
226,FALSE,304.46,14.05,1.46,103.53,323.22,40.98
206,FALSE,272.62,4.04,29.62,90.72,1841.87,24.37
183,FALSE,186.27,5.73,0.88,136.08,640.36,30.94
217,FALSE,232.41,12.04,4.36,126.69,216.8,26.61
577,TRUE,450.64,12.73,48.66,136.08,369.42,36.34
1930,TRUE,1942.49,57.49,14.3,1480.31,1886.35,322.04
230,FALSE,212.0,5.82,4.0,136.08,1173.19,32.38
270,FALSE,223.92,7.62,6.65,136.08,414.52,31.08
339,FALSE,342.44,9.71,25.68,83.35,993.33,36.26
414,TRUE,544.9,25.96,3.93,125.87,1612.08,70.59
406,FALSE,528.69,33.88,29.15,110.73,920.21,28.21
999,FALSE,867.75,30.72,47.08,336.27,625.72,105.39
700,TRUE,702.33,18.98,25.1,167.83,863.97,96.34
1388,TRUE,1060.56,14.55,162.68,204.04,542.59,71.77
229,FALSE,302.72,7.6,22.12,143.6,502.27,35.0
292,FALSE,377.71,22.13,13.19,136.08,1104.76,32.73
296,TRUE,300.27,16.98,12.25,90.72,357.44,25.26
479,TRUE,527.66,28.79,34.28,136.08,657.34,40.84
286,FALSE,157.79,2.17,19.15,60.48,314.02,14.61
466,FALSE,429.63,14.12,14.62,326.84,1413.14,49.94
411,FALSE,683.1,36.55,44.04,276.32,742.26,43.52
450,FALSE,367.82,11.79,4.35,241.92,615.31,54.16
253,FALSE,274.23,10.59,2.12,181.44,594.53,40.53
320,FALSE,572.17,38.65,13.22,222.27,270.08,43.59
370,TRUE,507.28,35.76,13.6,136.08,390.95,34.19
452,FALSE,415.17,23.13,16.07,143.6,1194.21,34.06
1158,TRUE,582.82,16.1,12.24,362.87,170277.95,91.55
256,FALSE,300.84,10.13,16.53,152.6,534.26,33.08
358,FALSE,668.83,52.12,11.62,88.73,632.0,39.97
346,TRUE,411.72,26.84,10.97,136.72,348.52,32.46
609,FALSE,446.44,10.99,29.64,136.0,336.22,32.74
506,FALSE,660.31,37.2,19.58,146.75,449.59,38.3
388,FALSE,553.41,40.82,12.28,240.17,345.41,32.78
248,FALSE,437.17,32.09,4.81,136.0,1319.62,32.65
264,FALSE,464.19,33.36,2.88,206.94,422.8,31.05
310,TRUE,623.82,33.41,23.22,144.54,471.45,55.31
81,FALSE,86.94,2.12,12.0,9.09,339.76,3.46
789,TRUE,687.62,28.38,67.53,139.75,412.01,47.58
197,FALSE,217.93,8.26,4.62,136.08,267.75,31.05
329,FALSE,172.96,9.49,7.62,56.0,1121.23,15.56
286,FALSE,281.08,13.21,6.02,145.43,221.96,33.03
212,FALSE,160.53,2.49,6.62,68.04,532.87,29.03
831,FALSE,628.31,24.62,37.48,141.96,1563.19,41.59
703,FALSE,535.51,16.99,53.96,136.08,1005.26,40.94
1021,TRUE,903.01,18.71,22.17,468.48,480.34,106.12
353,FALSE,255.58,4.61,12.23,68.31,836.26,36.66
42,FALSE,36.08,2.48,3.45,0.0,331.01,0.66
234,FALSE,233.61,9.45,3.78,143.64,509.26,31.98
203,FALSE,158.71,14.38,7.76,0.0,203.27,1.69
700,FALSE,385.69,19.78,5.22,181.44,132263.93,45.9
831,TRUE,881.87,30.63,88.44,181.51,576.46,64.95
977,TRUE,1025.71,35.86,4.77,720.0,627.45,160.53
377,TRUE,509.14,16.58,52.11,113.4,305.02,37.46
722,TRUE,727.66,25.26,55.84,322.51,390.53,72.13
416,TRUE,543.72,20.55,48.7,141.75,1237.67,37.47
341,FALSE,331.71,7.93,0.41,272.16,245.0,60.32
969,TRUE,1018.0,35.1,4.36,720.0,1820.99,161.86
381,FALSE,656.1,23.29,60.04,157.62,634.7,41.9
324,FALSE,346.15,12.47,13.58,136.08,1406.73,31.37
539,TRUE,485.93,14.0,7.64,478.12,1362.62,78.02
1721,TRUE,1694.77,60.39,20.81,1065.65,1645.92,253.77
168,FALSE,153.21,3.7,6.03,75.6,538.18,18.68
685,TRUE,484.23,9.36,58.0,144.42,701.31,43.68
456,TRUE,246.81,6.54,19.42,114.04,552.84,29.16
573,FALSE,498.7,29.79,23.71,178.35,1024.04,37.54
685,TRUE,484.23,9.36,58.0,144.42,701.31,43.68
344,FALSE,331.09,18.24,10.15,136.08,331.9,32.11
400,FALSE,339.51,8.47,10.53,120.0,311.37,27.72
476,TRUE,379.28,18.11,17.51,136.08,341.93,33.42
8,FALSE,7.92,0.19,0.25,5.18,24.0,1.18
578,FALSE,633.87,30.57,44.27,235.35,375.64,42.33
247,FALSE,237.05,6.37,1.83,181.44,352.38,40.6
416,FALSE,494.55,18.38,61.65,127.2,555.99,21.57
311,FALSE,409.85,23.78,13.46,132.61,1198.67,34.43
556,FALSE,649.85,32.8,12.67,309.58,841.35,69.18
299,FALSE,440.28,7.51,44.24,180.0,738.98,45.64
245,FALSE,290.4,14.77,28.94,45.36,488.59,13.74
426,FALSE,461.99,12.5,11.92,222.55,1069.73,67.21
800,TRUE,784.73,31.84,11.57,480.0,967.77,108.38
183,FALSE,155.87,8.38,5.74,37.04,250.75,15.26
302,TRUE,231.55,4.37,16.26,136.08,432.43,31.99
587,TRUE,368.28,12.06,21.65,174.88,511.3,42.92
519,FALSE,250.18,5.54,15.51,90.98,870.68,33.27
1599,TRUE,1065.36,49.61,115.48,137.88,2789.75,53.97
33,FALSE,24.78,0.81,0.88,14.4,209.37,3.37
803,FALSE,1078.81,82.04,32.73,186.97,861.43,43.15
787,TRUE,684.93,40.65,16.98,272.16,1101.39,63.45
430,FALSE,259.26,0.9,55.71,6.99,1157.34,4.4
553,TRUE,766.57,37.35,68.71,85.05,1056.75,44.56
478,FALSE,471.75,18.58,15.7,141.22,156.13,33.25
305,FALSE,681.42,45.85,18.28,201.5,611.58,51.48
328,FALSE,337.12,6.83,5.7,73.65,312.69,35.44
731,TRUE,591.44,23.86,6.52,453.37,992.98,82.81
305,FALSE,427.67,20.84,40.45,90.72,126.97,21.24
438,FALSE,791.66,59.15,10.81,209.35,362.52,47.9
148,FALSE,435.3,38.81,16.4,107.43,456.03,9.17
47,TRUE,60.61,0.92,5.9,16.67,142.47,8.07
358,FALSE,433.57,6.89,68.53,28.35,883.89,18.07
232,FALSE,689.37,68.92,22.24,0.5,211.53,3.52
277,FALSE,424.21,25.36,25.95,62.37,492.18,26.56
84,FALSE,119.36,5.67,0.81,27.97,447.54,15.68
373,FALSE,541.06,37.93,20.69,112.8,1064.72,26.47
375,FALSE,486.77,25.14,30.34,143.84,938.93,33.9
28,FALSE,64.07,3.23,7.45,4.85,107.75,1.49
858,TRUE,625.51,26.08,37.52,94.5,651.61,28.69
734,TRUE,652.29,24.63,53.55,146.67,363.34,71.78
420,FALSE,547.15,29.08,3.95,272.73,2249.44,64.69
41,FALSE,56.8,4.96,1.81,5.58,192.9,1.62
114,FALSE,102.84,4.6,3.56,77.71,323.42,11.43
519,TRUE,300.07,10.93,9.68,62.94,411.54,40.9
928,TRUE,579.07,16.86,29.73,151.2,1402.39,71.09
775,FALSE,1167.19,61.59,79.46,148.58,2083.87,72.18
182,FALSE,274.37,15.81,5.25,113.4,454.75,27.3
627,FALSE,979.48,37.3,50.2,167.88,1012.87,80.97
491,TRUE,351.55,18.25,14.12,136.08,336.73,33.46
546,FALSE,690.05,52.25,32.09,88.21,2236.3,18.93
101,FALSE,211.22,21.26,4.94,0.5,197.83,1.0
334,FALSE,513.78,27.52,30.04,140.41,637.54,35.9
11,FALSE,28.98,1.99,1.39,15.02,52.81,1.17
707,FALSE,373.46,6.6,13.94,62.9,330.59,36.46
55,FALSE,83.27,4.76,1.57,34.52,136.94,8.39
428,FALSE,396.64,22.27,29.48,153.73,521.85,21.52
331,FALSE,352.05,9.22,31.44,73.94,410.15,34.75
8,FALSE,26.01,2.56,0.38,0.06,224.1,0.21
669,FALSE,459.95,28.44,6.12,180.0,132647.62,44.33
43,FALSE,31.07,1.01,1.4,13.61,69.62,4.01
452,TRUE,476.25,19.48,10.02,170.1,373.51,69.06
204,FALSE,292.01,16.6,2.23,85.05,671.6,34.47
44,FALSE,31.25,1.62,1.26,12.1,206.5,2.97
341,TRUE,346.36,11.41,17.47,62.94,309.5,39.6
162,FALSE,213.08,16.46,12.62,4.01,376.37,1.85
70,FALSE,53.51,2.1,4.6,15.55,211.42,4.19
139,FALSE,243.85,18.87,19.36,2.0,210.27,4.05
35,FALSE,33.32,1.12,2.4,13.61,206.53,3.32
42,FALSE,50.3,3.04,3.09,9.32,248.14,1.91
1010,TRUE,1191.93,56.11,23.43,340.19,1573.18,144.72
220,FALSE,331.93,21.57,3.08,141.96,400.9,30.67
28,FALSE,39.92,3.22,2.71,0.07,200.13,0.68
71,FALSE,137.68,10.37,0.66,45.33,237.39,10.22
746,TRUE,856.25,24.87,94.79,228.42,1308.48,59.09
943,TRUE,560.39,20.66,51.45,180.0,714.41,48.62
95,FALSE,275.46,16.63,21.33,74.94,358.95,10.21
554,FALSE,445.3,19.04,7.4,184.84,1190.46,56.18
430,TRUE,298.55,6.27,28.78,70.87,1181.01,34.58
342,FALSE,322.13,14.48,6.74,257.15,1280.09,32.59
385,FALSE,444.42,22.37,37.25,192.78,504.12,26.79
1009,TRUE,1106.53,62.78,91.13,99.29,3766.47,47.97
664,TRUE,754.04,24.63,58.19,341.2,1467.56,57.76
426,FALSE,301.15,8.44,17.59,146.83,530.87,32.41
41,FALSE,66.56,2.49,5.69,18.14,212.3,5.56
676,TRUE,548.79,21.03,18.61,204.29,263.64,69.08
276,TRUE,383.17,18.96,3.09,124.74,800.99,46.45
374,FALSE,335.86,11.68,15.15,151.2,390.3,35.31
554,TRUE,847.63,28.96,50.43,226.8,434.1,96.22
511,FALSE,187.22,14.57,12.97,0.08,117276.5,3.47
154,FALSE,305.68,30.24,10.28,7.76,270.08,1.5
452,FALSE,497.43,27.02,7.99,113.4,625.39,47.13
351,FALSE,100.59,2.33,5.84,60.24,1429.85,12.64
458,FALSE,356.17,18.04,21.07,0.5,1056.7,3.97
318,FALSE,315.29,12.93,6.17,181.44,245.46,41.22
249,FALSE,241.69,9.69,3.04,156.55,320.68,31.92
170,FALSE,380.16,38.27,11.25,0.67,215.79,4.01
44,FALSE,42.52,1.5,2.88,18.14,213.25,4.38
440,FALSE,425.6,12.18,41.96,107.62,300.23,38.56
1144,TRUE,1496.08,76.87,8.32,540.71,414.1,181.49
883,TRUE,2535.96,220.33,6.55,595.19,3033.3,125.24
290,FALSE,243.59,10.08,6.22,113.4,764.87,26.51
501,FALSE,640.87,22.92,29.04,226.8,2944.89,73.28
3655,TRUE,3809.33,118.53,3.44,2970.3,5112.53,639.42
2350,TRUE,754.59,22.57,49.6,210.77,6038.6,89.1
439,FALSE,342.75,18.36,13.99,142.97,818.41,30.83
648,FALSE,795.77,54.53,13.27,394.17,864.5,63.7
1534,TRUE,2614.56,152.75,71.33,977.26,2063.51,228.72
43,FALSE,26.03,0.13,5.96,0.13,710.49,1.15
525,FALSE,553.87,6.79,82.91,110.56,726.8,38.36
52,FALSE,50.46,2.97,0.79,21.77,236.58,5.12
206,FALSE,211.62,9.74,2.43,125.62,369.6,27.66
1371,TRUE,1149.36,19.64,59.67,450.0,1864.71,170.72
911,TRUE,1011.34,46.9,43.24,407.46,2345.04,105.82
2136,TRUE,7072.49,653.19,119.43,774.55,902.44,189.29
185,TRUE,335.75,3.21,49.82,97.62,1087.14,28.59
519,TRUE,529.25,18.69,23.56,273.42,480.02,63.93
376,FALSE,403.15,21.73,19.73,136.08,317.54,32.35
233,TRUE,264.73,16.22,6.82,56.7,270.67,24.92
1133,TRUE,1069.08,13.14,102.07,283.5,113683.58,133.13
192,FALSE,224.04,12.5,9.59,41.67,709.86,17.35
1381,TRUE,549.2,38.09,50.61,0.17,1229.98,9.37
30,FALSE,77.4,7.29,1.83,0.13,811.33,1.72
361,FALSE,313.61,12.3,20.2,136.08,335.65,33.76
552,FALSE,897.22,72.53,39.29,72.66,882.87,26.75
167,FALSE,114.74,3.9,8.39,22.68,455.99,10.35
12,FALSE,22.92,2.18,1.01,0.08,194.4,0.14
280,FALSE,292.29,12.52,19.3,113.4,1619.5,27.1
705,TRUE,644.81,18.86,4.46,480.0,419.2,107.55
1227,TRUE,995.39,26.75,44.35,251.72,1480.31,130.6
692,TRUE,1128.82,28.11,141.88,405.67,2513.58,62.57
746,FALSE,886.87,46.24,36.33,362.87,514.57,82.83
63,FALSE,52.05,1.36,1.57,35.28,246.73,8.04
1596,TRUE,1009.08,39.71,50.93,243.81,1303.04,119.48
1133,TRUE,1259.85,42.29,6.31,403.33,833.52,202.08
416,FALSE,494.55,18.38,61.65,127.2,555.99,21.57
908,FALSE,1592.75,129.58,70.78,142.59,1903.01,39.21
1080,TRUE,1174.82,46.74,19.8,921.99,2546.96,159.35
300,FALSE,488.98,28.22,17.77,172.99,1696.17,38.47
1313,FALSE,3485.04,313.01,110.99,496.85,3479.85,37.84
30,FALSE,78.0,7.36,1.84,0.13,811.33,1.72
612,FALSE,225.8,14.57,18.97,0.5,58.06,3.4
810,FALSE,481.13,27.8,12.06,288.31,770.04,37.33
349,FALSE,337.2,17.24,15.85,47.83,490.69,17.58
160,FALSE,278.55,20.76,0.48,98.3,334.02,21.73
1237,TRUE,1524.85,108.37,66.87,347.85,3868.11,83.08
535,TRUE,501.53,19.27,7.63,125.87,2742.25,71.38
849,FALSE,893.88,51.09,65.43,93.45,459.26,42.22
138,FALSE,452.44,42.88,8.1,132.3,882.39,11.45
868,FALSE,898.59,38.77,7.52,604.11,2325.26,123.64
551,FALSE,698.3,31.9,28.92,176.48,2166.18,68.25
704,TRUE,612.56,26.03,37.33,181.98,2929.33,56.87
420,FALSE,479.7,15.28,60.36,72.33,601.89,28.4
273,FALSE,153.86,4.38,14.56,34.02,293.37,15.67
593,FALSE,381.15,10.54,22.48,341.33,1743.64,47.07
869,TRUE,1069.3,62.7,65.71,224.0,2400.44,60.01
324,FALSE,543.73,22.48,31.2,271.59,697.18,54.83
1793,TRUE,626.05,11.15,78.5,76.54,13420.05,51.77
488,TRUE,1596.31,171.42,15.53,3.47,231.85,8.75
547,FALSE,493.47,23.04,33.26,299.68,512.39,38.75
101,FALSE,182.58,16.19,2.48,18.13,259.81,4.41
246,FALSE,287.83,12.04,38.81,32.66,40.36,11.05
202,TRUE,180.15,2.34,3.22,62.9,303.44,35.08
298,TRUE,185.76,5.09,6.63,70.87,177.99,29.84
1299,TRUE,1417.04,60.03,19.97,805.35,7686.6,201.52
1839,TRUE,2190.27,139.57,38.65,886.87,2126.57,183.9
1237,TRUE,1731.08,23.95,176.82,544.31,2279.44,139.46
1127,TRUE,1825.59,53.72,158.23,680.39,816.82,167.22
371,FALSE,688.84,54.45,8.32,180.22,592.13,40.91
706,FALSE,588.49,30.07,64.89,49.9,77.94,18.57
1305,TRUE,1726.48,105.55,32.79,720.0,827.88,162.59
575,FALSE,40.8,1.37,1.97,0.25,198254.39,5.32
477,TRUE,332.29,7.01,28.62,136.08,641.14,34.84
565,FALSE,289.9,10.21,21.17,70.87,310.09,31.49
650,FALSE,828.01,45.28,59.85,134.23,1348.36,42.96
424,FALSE,470.65,16.31,36.17,215.41,977.7,44.64
524,FALSE,572.13,22.12,60.73,110.67,2375.82,30.97
604,TRUE,711.76,34.01,24.45,119.0,921.26,50.06
1536,FALSE,2649.11,166.12,109.55,466.81,3461.8,107.32
631,TRUE,670.6,22.41,36.46,272.16,251.44,73.25
779,TRUE,630.07,21.72,14.44,189.0,963.59,81.0
197,FALSE,155.92,9.26,4.62,68.17,190.42,13.49
485,FALSE,567.17,28.11,10.22,272.16,3258.12,66.93
196,FALSE,303.88,18.97,2.42,0.0,171.62,30.01
421,FALSE,377.81,18.85,24.24,15.32,240.18,4.27
862,FALSE,586.67,42.34,8.5,241.64,189010.57,42.63
726,FALSE,435.67,15.24,25.98,129.11,1185.89,38.86
284,FALSE,303.43,16.28,6.14,84.58,820.46,27.68
211,FALSE,212.97,18.42,12.64,0.0,198.79,2.02
257,FALSE,157.44,1.16,6.9,79.95,2490.81,27.95
233,TRUE,278.47,12.78,8.43,83.35,756.41,33.37
794,FALSE,775.78,7.42,41.29,292.59,1923.89,125.69
438,FALSE,191.48,2.08,13.63,79.95,2353.24,28.67
218,FALSE,183.45,3.73,17.17,48.76,275.96,20.99
193,FALSE,422.77,30.48,9.38,147.24,657.58,26.45
332,FALSE,248.76,7.82,6.94,106.53,747.5,36.25
387,FALSE,165.85,5.73,5.67,82.52,864.52,22.07
452,FALSE,249.13,4.55,33.12,39.97,896.11,17.38
136,FALSE,337.61,31.86,3.19,63.43,336.64,10.5
605,FALSE,362.02,8.16,22.65,79.95,1262.25,28.46
218,FALSE,371.76,24.85,1.8,112.2,626.53,33.65
199,FALSE,454.09,34.01,1.05,112.67,570.51,34.07
701,FALSE,719.87,45.74,36.36,203.26,972.7,43.57
351,FALSE,394.77,18.82,20.14,115.41,753.64,37.62
228,FALSE,335.33,21.38,2.63,76.29,406.05,31.05
187,FALSE,337.78,21.23,0.65,100.39,302.31,34.18
245,FALSE,297.01,16.18,14.13,68.78,475.0,24.44
69,FALSE,48.52,3.43,5.02,1.25,212.23,0.65
1025,TRUE,1298.87,52.47,11.84,535.24,741.0,182.78
257,FALSE,262.12,9.79,29.44,33.45,65.7,14.95
208,FALSE,459.06,35.76,3.74,159.78,552.95,26.33
1967,TRUE,2435.66,88.5,23.04,1092.53,1362.42,364.63
148,FALSE,324.77,13.02,33.71,57.46,568.27,17.29
46,FALSE,91.66,7.29,1.62,31.94,87.18,5.0
133,FALSE,316.72,27.69,5.02,123.23,271.63,12.89
1042,FALSE,1062.75,25.3,145.48,365.29,703.28,62.1
176,FALSE,305.61,22.48,15.5,63.55,477.82,11.35
572,FALSE,700.06,23.46,83.3,147.84,906.53,42.64
1078,TRUE,1024.47,49.59,37.3,326.57,2294.96,107.33
323,TRUE,314.07,17.96,13.72,66.9,714.99,25.16
584,FALSE,805.59,33.49,97.09,243.57,1139.17,30.46
689,TRUE,660.98,15.53,55.09,200.71,539.34,72.43
423,TRUE,703.64,42.19,4.33,217.44,360.55,74.42
930,TRUE,1091.51,68.47,26.02,391.38,994.64,93.79
1198,TRUE,980.44,36.93,68.64,171.91,2610.54,84.71
358,FALSE,405.77,10.49,69.98,19.85,91.19,13.45
275,FALSE,718.32,55.5,17.32,129.16,592.15,40.25
311,FALSE,444.3,32.66,13.25,113.21,434.04,27.22
667,FALSE,1306.34,118.29,41.11,202.5,1029.73,37.4
269,FALSE,411.02,22.63,2.78,146.59,484.04,47.55
589,FALSE,730.12,26.21,103.13,30.82,333.67,12.95
227,FALSE,314.52,24.6,23.44,27.38,217.81,2.41
449,FALSE,1014.86,92.2,3.06,260.36,4886.04,46.38
252,FALSE,341.06,20.44,3.48,113.45,1724.47,34.71
683,FALSE,662.7,37.26,9.92,127.62,449.11,44.17
860,FALSE,565.12,27.58,53.93,30.53,556.9,11.31
27,FALSE,128.51,14.11,0.86,0.0,8.65,0.38
363,FALSE,434.43,11.43,40.35,77.99,697.88,41.07
100,FALSE,219.59,7.72,34.21,15.05,828.28,4.39
171,FALSE,332.76,29.77,2.93,96.18,532.7,14.53
316,FALSE,475.16,31.79,8.48,72.2,2575.34,19.97
182,FALSE,201.34,6.75,1.01,95.23,316.46,34.34
356,FALSE,333.57,8.07,1.11,161.33,532.99,60.79
241,FALSE,486.45,30.24,16.74,115.53,527.01,39.52
119,FALSE,180.99,4.59,26.43,10.16,39.85,4.91
62,FALSE,415.82,46.22,2.0,121.9,1375.4,0.88
225,FALSE,269.12,16.25,8.68,110.36,907.07,22.43
28,FALSE,130.49,14.29,0.87,38.21,196.67,0.51
179,FALSE,199.78,5.21,1.01,70.46,327.32,35.01
512,FALSE,642.74,39.72,22.51,117.59,737.98,49.42
216,FALSE,182.21,8.44,19.0,21.55,278.1,2.89
304,FALSE,332.45,20.46,28.36,31.85,475.2,12.19
1938,TRUE,1398.03,46.87,6.51,840.53,5772.42,225.8
359,FALSE,357.66,24.83,6.93,107.03,1174.54,22.47
732,TRUE,1275.04,72.68,4.01,448.15,532.58,144.81
350,FALSE,247.09,10.52,3.64,145.16,2084.06,33.0
209,FALSE,401.7,24.39,8.38,93.4,425.02,36.07
290,FALSE,344.2,23.74,9.26,96.98,787.2,23.67
378,FALSE,627.65,23.75,45.63,121.64,447.5,48.22
204,FALSE,407.91,27.51,11.16,125.21,627.56,28.54
168,FALSE,268.02,11.92,8.68,77.09,328.11,30.98
200,FALSE,230.63,20.94,7.96,15.05,1066.89,2.29
71,FALSE,352.13,37.2,5.69,61.01,412.57,0.88
442,FALSE,497.11,25.54,28.86,140.4,367.46,38.6
165,FALSE,224.6,16.4,5.48,197.81,536.81,15.16
394,FALSE,398.61,26.25,18.84,110.08,751.32,17.81
886,FALSE,1296.47,49.51,123.8,258.85,1348.39,70.13
115,FALSE,432.68,21.32,49.12,61.45,197.9,10.82
416,FALSE,567.28,26.85,3.55,186.38,619.46,60.39
73,FALSE,89.75,4.85,8.32,12.33,264.44,4.36
1220,TRUE,2120.17,126.6,47.93,825.14,3326.58,166.8
346,FALSE,424.3,19.27,19.92,104.79,783.13,35.65
304,FALSE,419.75,23.46,14.33,123.65,942.9,38.51
650,TRUE,684.81,32.16,25.85,213.07,705.55,70.77
1007,FALSE,987.81,23.84,11.17,415.11,1867.87,153.12
178,FALSE,208.93,6.55,0.28,74.22,582.52,34.97
1042,TRUE,519.14,19.17,38.73,113.4,1644.6,53.92
273,FALSE,447.24,30.92,5.73,117.13,448.77,35.1
216,FALSE,423.48,28.46,2.19,134.22,211.09,35.02
171,FALSE,128.82,5.0,8.64,31.16,437.01,12.3
383,FALSE,396.64,23.78,1.73,198.24,1396.48,42.76
563,FALSE,468.37,11.2,29.99,105.92,1605.03,36.04
335,FALSE,1021.62,34.24,128.93,45.8,233.17,53.23
551,FALSE,485.78,21.14,38.99,103.1,554.63,34.27
191,FALSE,199.28,11.83,1.2,99.12,779.83,21.39
920,FALSE,1072.28,31.45,82.18,315.08,1401.16,118.67
296,FALSE,350.73,12.64,2.43,156.75,198.76,57.35
410,TRUE,604.38,31.49,50.56,113.45,338.53,39.54
214,FALSE,350.39,28.0,1.09,141.8,1242.68,23.69
209,FALSE,468.64,36.21,0.52,123.65,356.06,34.06
232,FALSE,236.63,8.14,5.19,77.99,305.4,35.57
252,FALSE,238.31,17.37,19.14,10.53,107.4,3.72
202,FALSE,274.94,15.38,10.37,106.64,797.85,23.12
69,FALSE,255.22,26.9,4.08,62.4,712.18,1.21
202,FALSE,255.83,8.48,10.7,88.71,455.1,32.43
131,FALSE,594.74,55.01,17.7,61.55,434.15,13.13
588,FALSE,893.73,54.22,2.11,258.13,490.25,93.49
361,FALSE,501.87,35.72,5.69,194.32,1430.88,38.68
353,FALSE,490.39,21.06,22.11,91.55,511.69,52.02
315,FALSE,391.66,23.56,6.27,119.49,350.5,37.61
60,FALSE,77.17,3.59,0.57,33.76,51.58,10.8
400,FALSE,354.64,16.03,6.89,143.93,683.99,48.24
68,FALSE,124.46,7.84,1.32,43.16,27.03,11.95
186,FALSE,245.23,12.17,0.47,106.22,371.13,31.86
215,FALSE,206.64,8.29,6.1,85.92,712.95,29.28
295,FALSE,288.91,4.88,21.03,68.31,308.73,40.29
231,TRUE,309.4,19.29,3.92,80.88,135.92,32.12
209,FALSE,468.64,36.21,0.52,123.65,356.06,34.06
510,TRUE,1001.21,66.95,0.99,323.82,628.53,94.6
225,FALSE,828.81,88.21,10.71,57.79,749.12,2.31
57,FALSE,77.83,5.01,2.01,21.61,230.1,6.46
34,FALSE,44.72,2.04,0.22,19.13,29.21,6.12
502,TRUE,734.51,35.57,5.73,211.5,581.62,90.86
438,TRUE,1149.02,87.05,27.83,246.07,751.09,66.33
666,FALSE,349.18,13.15,42.6,99.12,782.61,26.05
195,FALSE,314.7,20.22,0.48,146.75,296.59,31.65
308,TRUE,437.18,24.1,15.02,106.48,481.08,40.2
90,FALSE,174.94,15.75,4.06,35.5,424.88,4.91
276,FALSE,447.0,31.55,4.86,138.7,413.13,34.87
305,FALSE,333.62,7.89,32.88,207.14,1503.16,30.23
383,TRUE,738.74,40.28,17.06,204.73,396.92,72.97
247,TRUE,326.83,10.47,18.04,64.14,543.69,38.97
233,FALSE,354.13,20.49,3.76,106.64,372.76,35.21
652,TRUE,670.0,33.68,54.28,128.5,349.91,39.67
880,TRUE,645.24,20.78,85.04,73.14,3145.73,44.67
247,FALSE,421.45,23.95,33.09,61.65,1320.93,21.34
1132,TRUE,777.81,26.78,37.52,231.1,465.5,97.33
357,FALSE,934.99,72.55,28.51,225.03,577.54,41.33
314,FALSE,307.05,9.49,20.07,77.99,294.02,37.13
607,TRUE,608.56,31.8,23.85,157.54,432.3,59.05
283,FALSE,529.61,35.77,3.14,194.82,270.33,48.29
1139,FALSE,1468.38,70.34,15.04,312.8,5469.87,147.6
190,FALSE,146.52,6.2,22.89,15.6,67.26,1.89
181,FALSE,221.26,11.31,0.78,106.18,442.09,28.12
148,FALSE,348.43,30.16,8.17,61.56,603.44,0.88
236,FALSE,485.07,28.84,18.05,443.9,2031.65,37.78
45,FALSE,72.15,4.51,5.76,11.67,28.7,4.05
68,FALSE,113.95,7.1,1.83,41.53,193.3,10.29
317,FALSE,285.31,15.34,15.89,53.41,547.38,18.52
675,FALSE,740.64,44.96,12.89,248.17,359.48,70.07
277,FALSE,331.32,20.17,7.65,135.87,707.18,24.85
502,FALSE,1424.2,127.64,2.24,430.86,356.37,68.67
253,FALSE,505.81,39.09,2.43,179.41,432.28,35.54
538,TRUE,649.47,33.55,49.7,128.5,337.37,38.58
202,FALSE,405.55,27.13,3.67,123.65,175.21,36.16
435,FALSE,819.23,68.47,21.03,230.75,1261.67,33.8
22,FALSE,6.81,0.36,0.75,0.87,218.68,0.34
430,FALSE,696.12,57.58,1.97,294.04,1606.64,43.1
333,FALSE,529.54,31.07,21.57,124.63,1258.24,32.72
165,FALSE,241.38,11.94,3.45,86.97,321.74,28.67
394,FALSE,906.04,62.41,37.21,173.44,747.73,48.54
575,FALSE,372.59,15.68,29.2,109.61,1531.4,31.07
401,FALSE,952.92,82.55,54.69,120.4,284.24,6.22
96,FALSE,240.14,21.07,1.07,43.68,356.09,11.06
125,FALSE,217.37,12.91,1.48,77.42,100.48,22.82
1312,TRUE,651.69,21.17,52.06,124.48,480.21,47.77
235,FALSE,528.33,39.8,1.38,132.42,655.45,39.56
240,FALSE,475.4,32.08,17.41,223.73,447.18,28.89
31,FALSE,206.47,23.11,0.33,61.56,203.33,0.55
268,FALSE,288.1,12.86,5.44,15.05,441.02,31.84
397,FALSE,433.4,13.95,30.03,101.08,303.48,35.24
492,FALSE,670.91,33.29,39.15,131.02,480.48,37.4
228,FALSE,164.21,7.93,0.91,79.23,1088.76,21.55
335,FALSE,493.46,42.45,11.25,137.05,1328.09,19.38
592,TRUE,834.45,49.97,11.59,265.24,1282.34,80.43
288,FALSE,396.64,30.7,6.23,123.38,861.15,25.5
93,FALSE,325.71,19.71,27.14,78.41,372.1,11.19
468,FALSE,1075.4,77.94,47.05,516.46,1141.54,47.64
241,FALSE,431.93,20.69,25.29,88.19,813.96,37.18
150,FALSE,214.0,8.63,16.77,66.29,686.37,16.6
241,FALSE,208.24,7.79,6.62,79.05,408.32,27.1
727,TRUE,650.58,14.86,74.53,124.15,385.88,58.03
700,FALSE,575.73,16.41,70.71,101.08,389.0,36.88
703,FALSE,651.69,37.15,56.66,172.42,634.74,25.69
38,FALSE,43.52,1.72,2.82,10.57,213.02,3.38
358,FALSE,417.05,24.17,11.14,93.44,1042.57,36.65
161,FALSE,366.14,30.28,2.1,83.1,395.94,20.69
484,FALSE,835.85,39.36,22.07,281.46,666.35,93.2
388,FALSE,475.85,20.58,32.71,137.59,748.07,39.35
556,FALSE,478.87,19.25,43.96,74.42,363.15,31.89
33,FALSE,49.92,2.61,1.86,13.07,205.38,4.57
3082,TRUE,4723.54,224.64,10.32,1773.03,1765.65,625.88
337,FALSE,422.54,19.59,7.98,122.62,321.34,41.96
439,FALSE,415.3,24.83,5.33,186.24,1328.75,38.13
225,FALSE,379.62,22.96,2.09,116.13,411.7,34.19
266,FALSE,423.81,24.21,5.93,141.23,292.55,45.25
726,FALSE,710.18,30.43,63.5,115.07,1524.91,38.13
406,FALSE,714.16,47.51,20.0,185.4,458.55,51.78
286,FALSE,468.0,27.75,8.45,128.45,421.83,47.21
324,FALSE,335.1,27.05,25.27,30.35,213.45,3.52
265,FALSE,456.13,28.24,3.11,124.59,643.2,46.72
1154,FALSE,1343.36,93.27,146.36,122.12,182.4,13.43
368,FALSE,871.16,50.04,105.28,60.2,4415.91,8.92
268,TRUE,456.31,32.7,4.57,122.35,272.57,34.53
296,FALSE,494.37,31.73,15.26,113.92,410.69,37.64
224,FALSE,408.09,27.2,10.33,119.35,1097.87,29.72
374,FALSE,743.02,48.08,30.67,185.74,852.19,49.81
269,FALSE,474.22,40.19,15.52,102.88,369.32,17.67
92,FALSE,328.22,27.28,18.76,76.19,4889.6,7.93
369,FALSE,550.99,32.34,6.27,184.1,316.01,46.98
372,FALSE,720.65,47.37,2.63,217.53,252.35,67.96
320,TRUE,336.32,9.05,29.74,89.35,345.92,35.55
248,FALSE,326.61,15.7,10.46,101.08,435.48,34.77
227,FALSE,280.36,12.98,3.62,66.97,690.03,36.09
331,FALSE,661.87,49.07,26.61,171.42,1779.23,29.38
579,FALSE,726.81,37.77,57.22,75.22,1471.52,33.53
767,TRUE,721.56,32.23,44.2,108.6,348.7,45.23
292,FALSE,591.13,43.83,0.0,132.45,874.55,45.93
1044,TRUE,909.09,42.0,45.39,229.28,1629.27,87.95
333,FALSE,327.51,16.44,9.54,90.87,446.91,37.53
629,TRUE,629.17,34.83,40.19,139.09,174.17,40.61
141,FALSE,339.02,28.44,3.73,75.75,65.27,0.81
493,TRUE,497.51,28.42,17.04,144.03,423.3,39.39
197,FALSE,122.87,2.36,8.54,39.26,61.92,16.65
44,FALSE,48.67,2.85,2.78,14.41,96.54,2.72
522,TRUE,481.51,17.22,33.88,108.6,128.44,46.34
215,FALSE,230.41,9.23,2.83,92.86,369.84,32.63
431,FALSE,361.16,9.69,14.85,118.66,380.12,44.64
273,FALSE,213.57,8.43,3.26,89.98,924.55,22.37
528,TRUE,583.22,35.15,20.35,127.53,507.51,40.91
385,FALSE,402.55,10.84,29.07,117.15,538.86,44.63
336,FALSE,238.12,7.12,7.13,88.19,292.8,33.2
356,FALSE,425.87,25.45,12.12,72.55,302.93,24.37
1187,FALSE,1106.86,43.6,56.68,472.73,3097.79,119.15
206,FALSE,245.69,11.5,2.9,98.4,361.22,31.95
590,FALSE,626.81,35.12,44.54,132.16,882.92,35.06
430,FALSE,564.85,32.6,28.91,153.71,658.13,40.08
339,FALSE,271.8,18.22,10.81,82.23,850.8,16.28
367,FALSE,313.87,16.04,8.75,90.87,321.23,33.42
587,FALSE,670.31,25.89,44.47,131.18,518.64,44.28
248,FALSE,345.26,19.46,6.73,116.13,298.78,34.54
654,FALSE,638.31,29.51,17.47,156.72,1889.6,41.08
134,FALSE,250.19,19.58,16.76,52.49,235.56,5.8
488,FALSE,897.56,33.07,109.06,220.5,1911.47,45.4
349,FALSE,628.51,43.87,10.44,137.68,664.42,48.35
195,FALSE,581.03,43.77,17.94,166.18,380.43,29.36
150,FALSE,293.31,13.12,18.72,64.22,85.65,25.5
235,FALSE,528.33,39.8,1.38,132.42,655.45,39.56
320,FALSE,423.86,25.24,6.81,161.62,622.03,38.18
417,TRUE,464.15,20.47,18.92,135.76,388.13,49.67
349,FALSE,586.17,40.49,23.36,187.2,646.72,33.06
557,FALSE,510.48,21.91,26.23,160.95,587.66,53.31
272,FALSE,375.31,17.24,12.7,113.71,432.77,37.13
297,FALSE,122.36,3.23,19.19,7.63,759.24,2.63
497,FALSE,556.19,16.46,13.88,158.06,622.59,72.2
248,FALSE,545.42,45.05,9.42,118.18,908.59,27.12
208,FALSE,325.1,20.9,1.67,119.52,618.43,30.85
416,FALSE,442.28,18.06,8.92,145.18,223.3,55.88
234,FALSE,469.53,35.88,9.48,108.55,363.48,27.84
333,FALSE,327.51,16.44,9.54,90.87,446.91,37.53
422,FALSE,357.58,21.51,13.43,80.12,381.34,27.43
367,TRUE,820.65,59.36,5.52,284.94,189.59,67.06
189,FALSE,252.4,16.21,3.02,97.42,321.39,23.09
297,FALSE,423.72,23.19,13.97,173.96,304.71,38.66
269,FALSE,208.81,8.5,2.52,89.98,1016.08,21.78
222,FALSE,359.09,21.6,7.81,98.4,319.39,33.0
288,FALSE,483.69,33.53,4.54,153.54,416.25,35.3
153,FALSE,575.39,19.75,83.06,126.45,416.32,17.09
435,FALSE,569.91,36.33,33.52,140.49,301.47,30.25
207,FALSE,296.94,14.14,1.52,106.18,461.8,35.54
43,FALSE,235.54,17.81,17.06,7.53,220.12,2.36
283,FALSE,350.67,17.47,3.71,98.4,1367.97,33.53
440,FALSE,468.25,13.82,43.64,73.69,454.33,40.85
134,FALSE,175.04,5.62,8.24,45.53,137.65,13.71
290,FALSE,597.17,39.16,24.54,146.6,475.82,36.96
77,FALSE,238.58,23.87,1.61,193.38,3720.72,5.2
542,FALSE,373.4,15.4,37.03,85.93,528.88,22.26
189,FALSE,380.24,26.34,0.65,142.77,239.43,33.67
936,FALSE,495.19,31.32,32.0,199.58,3068.0,21.01
596,FALSE,582.15,28.27,39.58,111.6,1095.16,41.21
634,FALSE,352.91,6.58,35.17,84.12,1097.07,32.97
396,FALSE,596.06,18.6,80.28,115.69,556.9,27.32
573,FALSE,539.36,27.28,8.08,187.36,833.03,63.88
341,FALSE,310.32,10.49,8.25,70.1,820.3,43.73
105,FALSE,53.25,1.07,6.57,8.88,80.59,3.44
255,TRUE,310.08,15.73,13.74,50.62,378.02,28.5
73,FALSE,90.29,4.73,6.23,23.72,495.23,6.47
206,FALSE,406.23,28.19,2.58,138.7,301.62,34.87
316,FALSE,257.7,11.75,14.31,92.67,1305.53,23.38
60,FALSE,77.69,4.62,0.73,23.23,218.29,6.93
802,FALSE,732.28,42.24,16.01,220.38,1177.48,64.75
342,FALSE,548.68,31.93,7.32,133.93,277.65,34.38
587,FALSE,670.31,25.89,44.47,131.18,518.64,44.28
610,FALSE,737.23,34.35,47.7,117.03,349.3,45.05
158,FALSE,176.24,3.07,16.08,29.74,486.51,21.29
415,FALSE,646.99,42.55,7.36,134.42,831.92,42.76
574,TRUE,647.03,33.65,47.36,115.0,288.99,41.01
444,TRUE,768.74,52.35,15.26,165.14,917.14,55.89
256,FALSE,442.68,26.55,4.44,119.31,398.97,34.55
529,FALSE,593.01,39.79,35.33,88.61,824.21,28.74
202,FALSE,255.83,8.48,10.7,88.71,455.1,32.43
367,FALSE,271.32,7.38,25.09,146.42,527.79,26.44
183,FALSE,444.19,38.34,10.26,5.09,204.21,0.86
587,TRUE,516.58,15.12,10.56,208.37,1547.84,80.36
45,FALSE,42.28,1.18,6.09,8.45,139.72,2.69
420,FALSE,856.3,68.53,10.93,160.22,826.38,37.8
115,FALSE,211.32,20.72,7.86,54.52,322.52,2.23
268,FALSE,308.88,21.32,18.07,32.28,131.34,8.86
423,FALSE,728.95,47.67,21.02,212.64,429.59,38.11
458,FALSE,363.72,13.84,15.72,71.31,656.52,36.58
290,FALSE,392.17,20.84,14.99,222.57,1006.13,34.51
394,FALSE,501.52,12.47,41.32,65.06,806.07,29.76
684,FALSE,424.34,13.54,6.77,233.27,544.03,67.62
1975,TRUE,1459.57,53.16,9.47,820.75,5374.67,225.18
140,FALSE,325.2,25.29,0.94,73.12,286.94,22.75
1072,FALSE,734.19,30.97,64.05,231.06,194.56,76.15
575,FALSE,372.59,15.68,29.2,109.61,1531.4,31.07
424,FALSE,458.19,30.39,22.0,91.59,2159.57,25.8
242,FALSE,389.85,24.45,9.37,87.11,122.33,34.02
507,TRUE,957.59,56.38,12.91,293.61,2566.58,96.22
1022,FALSE,1317.43,110.3,38.59,318.38,2211.12,48.93
320,FALSE,336.32,9.05,29.74,89.35,345.92,35.55
655,TRUE,1246.69,69.58,63.6,248.06,557.27,79.24
201,FALSE,272.98,15.43,5.81,107.62,953.58,26.67
1126,TRUE,1021.25,26.71,18.87,439.68,694.48,162.73
204,FALSE,380.99,13.88,33.52,77.76,113.13,29.29
180,FALSE,286.51,15.09,14.5,82.7,316.91,23.13
264,FALSE,461.23,29.73,1.82,169.75,452.88,44.93
662,FALSE,972.41,64.83,18.44,216.7,1332.05,68.22
181,FALSE,457.77,37.63,15.64,60.94,907.99,15.72
550,TRUE,1004.31,50.37,52.82,231.98,591.98,80.83
513,FALSE,519.01,28.76,26.44,88.19,868.45,38.84
375,FALSE,492.16,22.37,14.16,96.24,376.36,36.84
283,FALSE,422.72,24.18,13.38,101.08,87.42,34.59
240,FALSE,304.0,16.59,2.71,108.6,273.18,34.42
197,FALSE,366.87,23.55,6.47,140.41,244.59,31.13
291,FALSE,541.0,28.71,11.53,155.31,1258.08,56.86
179,FALSE,331.63,21.56,2.41,108.24,398.81,30.54
594,TRUE,466.52,10.72,12.87,142.65,583.9,75.86
279,FALSE,808.6,64.15,43.15,274.54,974.88,14.86
379,FALSE,532.85,27.82,10.11,94.05,720.48,36.66
319,FALSE,722.47,49.34,18.61,142.22,2474.38,42.78
391,TRUE,795.99,58.18,6.01,155.89,579.48,59.47
96,FALSE,332.21,34.17,2.44,90.3,305.32,0.68
232,FALSE,278.29,9.54,13.2,57.63,270.42,34.12
263,FALSE,331.68,15.38,10.86,93.5,287.59,35.94
276,FALSE,419.48,20.17,23.17,130.2,530.43,36.57
7158342,TRUE,16510863.7,1136922.42,24242.45,4202164.82,81179740.97,1453381.29
236,FALSE,723.35,26.95,86.59,71.15,357.99,32.4
440,FALSE,596.88,33.57,33.04,106.45,415.54,45.88
148,FALSE,335.87,25.54,3.44,70.79,557.57,22.67
402,FALSE,185.53,3.16,18.84,31.55,622.69,19.83
421,TRUE,570.17,39.24,13.36,120.69,548.16,41.94
396,FALSE,417.72,3.06,16.01,72.14,153.54,27.95
771,TRUE,1411.93,86.16,32.25,410.92,2276.65,123.56
270,FALSE,492.79,32.95,1.73,155.27,429.0,45.43
405,FALSE,691.4,43.52,21.81,194.69,628.76,50.0
342,FALSE,533.08,34.27,11.02,154.56,340.95,35.93
150,FALSE,261.8,24.59,4.44,217.43,242.75,7.47
289,FALSE,490.28,36.91,3.25,175.07,145.84,35.35
600,TRUE,858.69,44.86,59.81,78.17,383.61,56.68
216,FALSE,358.07,22.18,1.59,123.6,369.78,33.95
397,FALSE,540.73,32.98,21.26,105.92,499.18,39.87
186,FALSE,271.22,20.54,19.13,54.75,211.94,4.6
227,FALSE,590.17,37.62,4.96,56.12,451.59,19.46
255,FALSE,489.57,35.21,8.4,133.23,405.59,24.78
261,FALSE,231.34,8.51,3.65,93.9,499.14,35.65
479,TRUE,608.9,22.87,41.0,116.69,205.37,57.88
1502,TRUE,1382.16,79.84,36.83,567.75,3019.8,120.78
222,FALSE,514.11,38.12,1.71,130.81,571.26,40.49
217,FALSE,491.21,32.1,9.76,111.05,363.62,39.09
282,FALSE,340.89,13.58,28.78,60.41,726.18,25.86
386,TRUE,605.16,21.03,52.73,108.95,461.55,49.71
296,FALSE,290.03,12.38,11.89,134.2,446.15,32.6
327,FALSE,285.63,12.15,24.96,65.5,160.21,21.64
311,FALSE,190.69,4.73,12.02,63.55,1188.01,24.56
822,TRUE,2494.82,213.46,52.62,676.11,1325.58,86.66
45,FALSE,117.49,5.77,14.54,15.24,200.66,0.13
114,FALSE,96.9,2.27,11.78,5.57,212.23,1.21
229,FALSE,300.76,17.08,3.51,119.16,364.71,33.11
432,FALSE,788.12,42.7,45.55,181.73,323.26,51.22
515,FALSE,399.68,12.06,38.74,85.61,637.55,33.72
444,FALSE,1339.17,124.4,14.57,586.83,10287.26,46.89
58,FALSE,176.55,15.37,4.3,48.31,554.62,5.69
309,FALSE,696.25,50.61,19.35,203.12,371.78,42.53
371,TRUE,860.29,73.51,8.75,198.98,547.92,43.5
580,FALSE,589.52,17.04,75.65,41.33,1229.8,33.49
385,TRUE,438.31,20.03,27.54,127.47,369.52,36.76
304,FALSE,694.75,45.75,40.63,646.34,877.92,30.01
468,FALSE,780.24,45.52,19.03,247.31,503.57,69.62
259,FALSE,332.48,20.34,4.74,146.75,756.54,32.23
475,TRUE,1069.35,49.52,70.96,217.61,379.55,80.12
283,FALSE,253.4,11.07,5.67,105.92,123.56,32.94
217,FALSE,293.08,24.85,8.6,84.98,381.26,9.62
236,FALSE,320.06,13.68,2.36,101.19,272.07,33.95
436,FALSE,436.29,28.34,19.77,144.08,1274.4,28.84
417,TRUE,802.14,40.85,48.67,134.08,327.9,56.98
212,FALSE,300.54,18.29,5.89,113.71,1298.93,29.15
120,FALSE,87.75,2.02,10.8,10.34,207.98,3.82
368,FALSE,446.02,26.3,9.47,123.65,300.36,38.46
276,FALSE,613.94,45.21,5.43,206.08,202.51,45.55
326,FALSE,333.06,20.11,4.58,103.51,105.92,34.39
370,TRUE,380.67,16.29,10.23,79.69,737.56,41.6
27,FALSE,46.33,2.75,0.38,14.0,74.04,4.96
244,FALSE,417.92,22.77,16.4,123.65,254.98,34.85
97,FALSE,128.65,7.91,9.62,22.86,848.72,1.56
503,FALSE,515.01,28.75,25.51,88.19,868.05,38.73
125,FALSE,441.13,17.28,60.91,42.84,1860.43,12.1
386,FALSE,555.62,42.99,34.78,67.52,601.07,14.08
443,FALSE,601.25,28.5,33.08,199.35,6093.0,52.92
668,TRUE,680.71,11.94,91.92,151.95,249.43,52.16
15,FALSE,25.64,1.36,1.66,7.05,41.67,2.16
1464,TRUE,1551.78,62.16,188.78,156.83,2830.81,61.41
26,FALSE,42.64,2.7,0.11,17.44,91.67,4.6
588,FALSE,528.1,24.78,42.42,165.3,454.13,35.93
280,FALSE,378.34,7.48,27.76,62.37,52.63,25.17
151,FALSE,280.37,11.45,37.61,7.65,19111.03,1.83
283,FALSE,423.28,24.22,13.43,101.19,87.43,34.59
419,TRUE,587.77,45.71,16.29,91.9,738.07,32.5
591,FALSE,1410.64,137.98,49.09,30.53,251.24,5.42
878,FALSE,732.1,38.81,32.78,75.35,475.52,44.26
135,FALSE,241.77,15.2,16.17,44.36,750.74,11.3
767,TRUE,721.56,32.23,44.2,108.6,348.7,45.23
147,FALSE,280.7,21.96,3.33,120.0,767.15,17.59
38,FALSE,60.4,3.61,0.31,23.25,43.03,6.14
250,FALSE,393.03,11.38,33.58,68.48,374.36,38.31
586,FALSE,687.42,36.08,32.61,176.94,798.3,59.83
276,FALSE,371.24,20.99,7.2,151.3,362.34,36.9
267,FALSE,519.51,35.94,5.95,168.35,3981.56,40.73
405,TRUE,524.66,18.9,48.89,101.08,689.04,38.58
122,FALSE,168.56,9.63,2.47,72.88,474.63,18.52
190,FALSE,266.54,19.35,18.96,13.93,127.96,4.25
323,FALSE,482.71,30.72,6.02,138.18,792.18,43.77
168,FALSE,251.73,2.06,55.61,0.0,1028.23,6.5
235,FALSE,230.76,4.54,12.86,125.37,373.73,33.74
240,FALSE,419.95,21.28,25.84,148.26,1822.64,24.4
138,FALSE,215.8,12.82,0.66,77.27,334.62,23.45
237,FALSE,330.4,18.43,7.96,171.89,619.94,31.62
631,TRUE,739.95,41.12,44.34,156.64,608.29,49.8
714,TRUE,671.79,35.03,50.45,154.59,1606.48,43.08
139,FALSE,258.37,18.58,15.13,19.32,216.32,6.2
875,FALSE,980.06,55.96,31.33,205.72,340.88,51.36
156,FALSE,450.36,38.74,1.72,147.11,452.42,24.4
366,FALSE,667.52,37.29,28.46,252.37,1671.37,53.48
1154,TRUE,1031.66,35.27,125.81,78.14,2381.81,42.22
305,FALSE,491.99,39.54,26.93,70.98,871.64,12.63
260,FALSE,360.09,16.45,17.02,131.13,1894.2,34.25
180,FALSE,242.23,9.62,9.3,94.15,395.59,28.75
753,TRUE,713.3,26.47,22.34,276.5,536.52,105.3
292,FALSE,581.72,33.73,35.61,198.45,1257.87,31.59
229,FALSE,451.15,34.23,5.55,108.46,310.39,28.7
349,FALSE,364.9,18.31,9.28,101.19,315.21,35.98
542,TRUE,844.66,44.04,3.51,312.65,336.77,102.48
787,TRUE,498.23,21.02,44.81,97.14,977.91,34.71
582,FALSE,597.16,32.83,14.27,194.86,956.62,58.69
255,FALSE,338.93,15.36,4.83,140.13,442.3,43.2
222,FALSE,193.0,8.95,6.94,138.66,1296.93,20.7
177,FALSE,287.11,21.52,1.81,121.55,852.27,20.73
496,FALSE,573.24,27.1,43.48,169.61,850.54,39.88
192,FALSE,225.22,10.07,12.26,78.72,267.46,20.99
369,FALSE,307.93,15.52,17.27,88.25,1020.15,24.53
173,FALSE,180.89,6.78,13.32,66.84,204.75,16.19
181,FALSE,254.6,8.33,10.39,122.97,495.83,32.52
336,FALSE,525.91,33.14,2.66,172.14,886.28,42.76
636,TRUE,931.65,45.69,5.06,350.35,2887.47,118.46
285,FALSE,344.19,17.25,3.83,175.08,645.66,42.97
229,FALSE,342.63,20.65,9.31,134.17,849.43,29.21
562,FALSE,627.13,32.59,19.22,510.63,2038.77,54.07
177,TRUE,281.6,14.72,1.66,93.55,269.52,34.17
354,FALSE,285.3,11.81,26.62,45.52,770.46,19.09
763,FALSE,614.44,21.43,22.98,327.5,446.64,86.86
555,FALSE,519.62,19.77,10.84,191.39,1077.78,62.46
216,FALSE,505.24,41.71,10.24,71.75,403.97,24.11
269,FALSE,807.65,72.06,5.85,245.95,2465.64,36.8
1233,FALSE,1198.0,35.14,43.1,481.21,854.3,166.44
488,FALSE,645.82,27.11,42.31,131.15,1368.23,50.2
247,FALSE,585.57,48.13,1.08,163.75,1007.08,36.72
576,FALSE,396.95,19.63,42.72,54.93,760.86,9.79
486,FALSE,706.31,58.1,10.97,234.28,555.28,37.59
790,TRUE,1014.84,48.97,79.05,210.93,459.51,70.01
442,FALSE,714.3,57.41,7.24,213.29,1426.68,42.92
387,FALSE,632.26,45.67,17.61,154.56,524.96,38.72
803,TRUE,706.27,29.45,22.18,282.46,541.0,88.39
702,TRUE,824.77,43.99,30.77,250.95,486.82,76.81
675,FALSE,740.82,42.02,24.62,154.29,304.85,38.7
419,FALSE,513.79,30.95,17.5,108.6,700.75,36.01
366,TRUE,1213.3,117.12,3.76,630.53,1092.96,39.22
394,FALSE,455.37,23.18,24.79,148.04,1371.76,39.31
278,FALSE,412.32,23.78,15.79,108.6,2460.92,34.98
692,FALSE,912.8,43.83,80.72,132.15,602.21,46.43
383,FALSE,1284.6,58.7,183.67,214.27,1424.84,13.79
186,FALSE,270.59,14.65,9.08,91.05,613.58,25.44
260,FALSE,585.87,43.87,22.1,166.19,90.74,27.52
342,FALSE,755.72,36.99,66.69,209.23,2299.82,37.61
372,FALSE,524.29,32.73,20.04,83.85,1301.89,40.12
301,TRUE,626.77,29.49,34.1,158.24,806.39,53.3
356,FALSE,448.22,20.29,36.3,77.42,696.87,28.69
122,FALSE,214.18,12.89,0.7,77.42,246.15,22.69
155,FALSE,144.02,9.76,7.26,35.55,254.11,7.56
425,FALSE,610.72,40.88,21.86,530.22,507.89,38.66
137,FALSE,253.31,13.46,8.54,70.0,156.69,22.93
136,FALSE,135.63,7.26,12.5,29.61,310.99,5.32
307,FALSE,291.24,6.53,36.94,31.3,618.85,21.59
344,FALSE,593.36,40.55,10.42,155.27,275.73,45.96
320,FALSE,564.05,31.68,22.43,155.24,700.95,47.92
107,FALSE,390.87,39.12,2.54,93.08,215.05,5.36
318,FALSE,628.98,36.84,26.39,133.78,573.96,36.22
296,FALSE,290.22,12.77,6.11,103.67,391.4,32.52
383,FALSE,443.43,28.27,18.14,192.76,1273.63,30.56
1431,TRUE,2093.39,95.06,69.86,683.89,5045.72,230.62
222,FALSE,408.99,29.16,3.01,115.37,822.31,30.79
286,FALSE,600.31,49.46,5.66,197.02,533.28,30.33
177,FALSE,262.46,20.11,1.39,88.39,643.21,19.09
537,FALSE,498.6,20.24,46.19,82.5,1153.03,35.06
80,FALSE,67.87,3.39,8.81,2.69,269.78,1.28
199,FALSE,305.9,16.57,3.61,108.6,417.83,34.57
766,TRUE,946.22,55.06,55.45,192.46,526.23,59.27
228,FALSE,320.95,15.73,7.71,100.05,445.25,35.22
969,FALSE,886.24,18.19,139.6,88.19,1556.59,37.55
476,TRUE,544.58,36.26,17.8,182.59,769.56,38.06
368,FALSE,396.41,19.86,8.62,143.6,524.13,44.99
381,FALSE,601.34,41.63,15.09,177.76,438.69,37.57
333,FALSE,245.91,8.84,14.2,78.24,483.17,26.94
362,FALSE,915.98,64.76,39.0,188.74,374.35,44.97
222,FALSE,292.49,19.0,6.35,92.87,349.82,23.6
4529,TRUE,6621.55,314.46,29.19,2610.99,2455.61,860.67
143,FALSE,121.24,7.13,5.76,22.69,324.38,8.38
319,FALSE,275.22,10.7,19.05,105.36,123.37,24.55
1240,TRUE,1868.85,99.12,45.97,586.37,1366.23,196.23
101,FALSE,182.73,12.13,5.16,22.7,230.42,13.51
281,TRUE,485.57,35.03,6.54,101.19,563.99,34.93
507,FALSE,480.39,10.32,36.62,137.17,1010.7,57.7
393,FALSE,427.13,15.25,4.56,170.1,271.84,69.06
534,FALSE,635.11,31.92,28.42,178.85,1466.64,56.88
363,FALSE,483.2,25.03,4.99,96.9,1185.27,31.93
608,TRUE,663.86,23.44,54.05,117.3,143.23,44.99
500,FALSE,485.95,21.72,25.05,89.83,731.56,47.79
47,FALSE,228.37,18.98,13.25,14.87,238.88,2.47
436,FALSE,413.36,23.04,18.08,124.08,385.14,37.16
305,FALSE,501.38,34.33,2.24,260.42,744.67,44.7
165,FALSE,359.29,23.9,1.55,61.39,1243.81,33.36
66,FALSE,77.46,2.8,7.62,7.22,243.27,5.54
125,FALSE,244.59,14.31,1.26,53.12,79.23,26.83
271,FALSE,411.52,20.73,6.23,149.69,1630.06,46.91
579,FALSE,1000.81,76.7,30.78,162.42,1084.39,47.17
16,FALSE,13.57,0.68,1.76,0.54,53.96,0.26
844,TRUE,844.37,27.44,9.43,348.25,549.38,126.53
342,FALSE,533.08,34.27,11.02,154.56,340.95,35.93
76,FALSE,64.18,2.73,0.48,30.62,395.6,8.53
717,TRUE,625.32,27.0,8.69,235.3,855.48,84.58
376,FALSE,283.01,14.79,20.43,77.46,1356.91,17.77
256,FALSE,543.95,47.9,21.41,33.33,2937.47,11.25
240,FALSE,287.02,11.12,8.86,77.99,398.66,34.12
73,FALSE,104.67,7.19,4.37,45.1,66.2,6.73
129,FALSE,216.87,12.88,0.57,77.42,602.64,23.51
160,FALSE,263.65,11.83,9.26,85.49,306.76,28.21
362,FALSE,387.68,24.2,14.01,94.83,436.7,31.51
185,FALSE,196.57,6.56,1.05,94.64,299.16,31.74
496,FALSE,301.05,11.07,16.47,105.92,363.36,35.3
268,FALSE,316.85,11.32,25.0,91.59,925.69,24.28
551,FALSE,617.25,36.73,19.03,126.18,1064.24,45.69
195,FALSE,362.9,23.56,2.46,108.55,125.75,34.15
349,FALSE,981.59,61.53,63.03,93.01,719.05,37.94
564,TRUE,946.23,49.48,48.76,225.43,278.67,75.04
248,FALSE,415.77,20.25,20.76,109.91,842.12,35.52
1045,TRUE,918.27,26.12,8.65,411.98,882.47,153.53
135,FALSE,195.53,13.75,3.06,81.53,582.95,14.62
190,FALSE,230.88,7.45,7.43,88.41,360.73,31.76
314,FALSE,648.16,41.34,38.25,74.86,1049.41,30.22
128,FALSE,300.29,22.09,16.04,204.53,553.21,9.37
667,TRUE,845.91,58.63,19.79,674.64,2517.1,61.11
209,FALSE,466.57,34.51,4.47,154.51,1244.91,34.88
32,FALSE,24.02,1.38,2.78,1.58,224.06,0.47
333,FALSE,418.2,16.6,37.46,71.96,913.14,29.48
474,TRUE,803.88,28.86,80.46,139.79,396.35,53.29
55,FALSE,77.49,4.91,6.93,3.1,36.14,2.02